id,price_category
10392,1
3525,0
10748,1
14114,0
10028,1
3466,0
2939,0
15408,2
16373,1
1843,1
1277,2
11696,1
13669,0
16793,1
11145,1
11714,0
5145,3
12785,0
7576,0
4287,0
14622,1
10015,1
1736,1
891,1
3002,0
16395,0
14779,1
1935,1
12794,0
14184,0
2004,0
14411,0
11566,2
4150,0
15534,1
6699,2
16317,1
7992,1
7463,0
4047,0
15764,2
4322,0
11632,1
15008,2
13717,0
12521,0
14384,0
3942,0
4016,0
4741,0
14905,2
14629,1
7721,1
15839,0
3869,0
1529,1
15947,1
6787,2
13052,0
13054,0
5561,2
12223,0
6136,1
15658,2
9842,1
13745,0
16866,1
1837,1
11910,0
12456,0
10999,1
5204,0
11941,0
12394,0
3149,0
10454,0
2480,1
12510,0
7306,1
4989,0
10892,1
10794,1
4547,0
4827,0
15894,1
11374,2
7517,1
11464,2
14857,1
7878,1
11049,1
9844,1
17031,1
3814,0
3139,0
4022,0
1991,1
15318,1
1193,1
9968,1
4272,0
3845,0
12364,0
11317,1
5628,0
3963,0
1949,0
6795,1
15013,1
4005,0
1539,0
5822,0
6210,2
12310,0
12242,0
2985,0
6205,2
10218,1
9828,1
1231,1
5920,0
1997,1
10755,1
7024,1
6387,1
1075,1
5614,1
5838,0
16709,1
7930,0
6081,2
11290,1
2156,1
16282,0
12174,0
12985,0
16726,1
10245,2
12528,0
12677,0
12525,0
15718,3
5038,3
16807,1
3170,0
15943,1
14911,1
15556,2
13881,0
10173,1
5448,0
16979,1
15335,2
13816,0
3578,0
2109,1
16678,1
14596,1
3787,0
2107,0
6249,2
1989,0
4406,1
13423,0
10986,1
7059,1
2041,1
4186,0
10594,0
4128,0
3209,0
5798,0
7135,1
14277,0
5575,0
12151,0
1891,0
14097,0
9815,1
3929,0
16629,1
4589,0
9692,1
16471,1
4551,0
12182,0
4678,0
16975,1
4417,0
5810,0
14455,2
7049,1
2451,1
9775,1
5280,0
4950,0
1245,1
9970,1
14850,1
7688,1
7119,1
15072,2
14347,0
11679,1
12820,0
11950,0
12772,0
3217,0
16188,1
4173,0
10991,0
7326,1
15644,2
13110,0
13801,0
5176,0
12407,0
5817,1
13677,0
14341,0
12506,0
14297,0
14176,0
16374,1
11093,1
4735,0
2956,0
16485,1
13142,0
13323,0
5307,0
10327,1
13983,3
16068,1
908,1
6921,2
6208,1
1019,1
6594,2
16530,1
4852,0
16238,1
3079,0
16088,1
7348,1
4611,0
14066,0
4003,0
15710,2
10394,1
6604,2
10653,1
4193,0
11972,0
8087,0
15350,2
11178,1
5498,1
15842,0
16544,1
8064,1
4505,0
7642,1
12329,0
11833,0
16519,1
4276,0
877,1
14407,1
14544,0
3273,0
7402,1
2771,1
4170,0
6580,1
5286,0
4646,0
852,1
7942,1
13599,0
11416,1
11466,1
12685,0
4188,0
13833,0
16701,0
5705,0
15289,1
3192,0
12608,0
15717,2
10634,1
5562,0
10798,1
12029,0
16161,1
11857,0
10063,1
13883,0
7631,1
11291,1
2418,2
6568,2
2334,1
12340,0
13009,0
5404,2
2401,1
8178,1
2045,1
2552,1
10866,1
11223,1
17036,1
15874,0
13741,0
4780,0
2902,0
6495,2
10081,1
12997,0
10377,1
6374,1
822,1
1512,1
11242,1
4469,0
14619,0
2775,2
15996,1
12622,0
16745,1
7962,1
7374,1
15453,2
14414,2
1515,1
5072,3
1818,1
16158,3
2062,1
14980,1
10420,1
9875,1
12486,0
4266,0
3438,0
7595,1
4749,0
2534,1
11384,2
7670,1
10871,1
10166,1
4223,0
12423,0
13493,0
10489,1
16038,1
6016,1
15291,2
4115,0
1807,1
4337,0
12165,0
15715,2
14174,0
12866,0
14402,1
16586,1
16407,1
14171,0
13384,0
7596,1
5200,0
16872,1
11782,0
1073,1
3999,0
16293,1
11615,1
2986,0
3649,0
12135,0
1018,1
10236,1
8160,0
15804,2
16898,0
5085,3
6003,1
6630,2
8183,1
1798,1
2880,0
4809,0
12469,0
15970,1
15855,0
14084,0
2189,0
1893,0
6515,2
12361,0
16991,1
14225,1
12499,0
6087,1
12246,0
10603,1
16302,1
16798,1
15982,1
12835,0
11309,1
15654,0
13179,0
7253,1
5195,0
15304,1
9870,1
8063,0
2358,1
3966,0
16140,1
12450,0
5151,3
7267,0
4359,0
4504,0
6876,2
1535,1
10560,1
1663,1
12105,0
5788,0
6700,2
4203,0
1109,1
4494,0
13609,0
1673,1
11748,0
5871,2
3531,0
2823,0
15394,2
7213,1
7184,1
13763,0
16778,1
6058,1
13244,0
16617,1
2877,0
6609,1
1389,1
6333,2
12914,0
4653,0
5602,1
16833,1
12897,0
2825,0
7474,1
3033,0
13605,0
3709,0
15956,1
10662,1
7712,1
15673,0
1152,1
1708,1
13480,0
3657,0
10576,1
13303,0
2469,1
969,1
15570,1
5456,1
10096,1
13885,0
7264,0
5827,1
9947,1
3761,0
10232,1
14900,2
7933,1
15652,2
10964,1
16987,1
3265,0
16645,0
17049,1
6579,1
11849,0
9881,1
15063,1
3962,0
15610,1
1840,1
2235,1
1101,1
16806,1
3679,0
2256,2
16619,1
997,1
11253,1
6452,2
11550,1
5396,0
2654,1
7726,1
10729,1
13197,0
3881,0
15161,2
2995,0
12382,0
3403,0
13028,0
3822,0
12378,0
16512,1
10800,1
10216,1
12286,0
7884,1
12168,0
14256,0
11678,2
11943,0
5947,1
10198,1
11366,1
8022,1
4324,0
11629,1
3556,0
11511,1
1770,1
7212,1
4779,0
12972,0
11300,1
6900,1
2293,1
11269,1
11626,1
14527,0
12451,0
10437,1
3765,0
3874,0
7875,1
15679,0
7004,0
2730,1
13581,0
3075,0
14782,0
3095,0
7602,1
3102,0
13971,2
16328,1
11285,2
10954,1
1516,1
1517,1
12975,0
1756,1
10497,1
11382,2
16101,1
5570,0
2793,2
3820,0
4055,0
7129,1
13784,0
12582,0
6563,1
6279,1
4312,0
5635,2
4142,0
13547,0
7370,1
3413,0
10163,1
4682,0
15211,2
11226,1
13116,0
4166,0
2000,1
11448,1
1715,1
16254,1
16425,1
1887,0
11850,0
11413,2
4863,0
7780,1
13174,0
2170,0
12338,0
12805,0
13162,0
3825,0
1863,1
12070,0
1788,0
3169,0
16106,1
4601,0
10230,1
14769,0
5094,2
14032,3
4513,0
3143,0
15381,2
4995,0
16003,1
6643,3
2615,1
6045,1
1329,1
3440,0
9754,1
1829,1
2335,2
15816,1
4854,0
13369,0
1794,1
14762,1
13973,3
12277,0
1431,1
13171,0
15737,2
15198,2
6367,2
16929,1
15124,2
10299,1
6085,1
2719,1
14363,1
4364,1
12230,0
15000,1
8092,1
11668,1
2297,1
11389,1
7456,1
1940,0
5629,0
2210,1
13775,0
4633,0
12222,0
11207,1
16572,1
12107,0
2621,2
16779,1
2087,1
11013,1
14196,0
8070,1
4555,0
5702,0
4960,0
6597,2
12245,0
1176,1
4363,0
1310,1
3260,0
10315,2
3201,0
1526,1
14433,0
11450,1
12910,0
1768,1
14970,1
16023,1
14093,0
15154,2
15448,1
2510,1
4648,0
4810,0
10915,1
3010,0
3418,0
12998,0
16103,1
6638,0
14712,0
6730,2
11465,2
8053,0
7144,1
2950,0
16715,1
11102,1
14224,0
10155,2
12782,0
3030,0
10275,1
7131,1
16933,1
3255,0
9849,1
4379,0
10587,1
10141,1
3331,0
16020,1
3842,0
12654,0
2403,1
5165,0
6803,0
6099,1
12957,0
9907,1
11054,1
7630,1
3707,0
11241,1
1433,1
6478,0
6649,2
6534,2
7275,0
1662,0
14098,0
16517,1
3271,0
12987,0
14203,0
3632,0
1706,0
3371,0
16424,1
5873,2
11147,1
6466,2
13017,0
10373,1
2332,1
10008,1
7705,1
3405,0
7873,1
11198,1
9694,1
1133,1
4103,0
13300,0
13011,0
2434,1
2603,1
7924,1
9980,1
2911,0
3281,0
12781,0
6332,1
13622,0
2317,1
1162,1
11817,0
3450,0
4804,0
1477,1
7869,1
12722,0
13176,0
9913,1
12083,0
14244,0
5012,0
4104,0
14990,1
14589,1
2767,1
5542,1
13485,0
14109,0
15327,1
14154,0
16306,1
16219,1
14460,0
15524,2
14601,1
817,1
1644,1
13071,0
10241,1
16672,1
12156,0
10567,1
6234,1
13604,0
10676,1
3128,0
10045,1
12133,0
7214,1
4618,0
16338,1
2220,1
15562,1
13593,0
13020,0
13591,0
4339,0
13464,0
4763,0
12916,0
5677,0
3678,0
8129,0
869,1
5259,0
1356,1
3951,0
6139,1
4869,0
3964,0
16910,1
1543,1
13522,0
3363,0
3311,0
15955,1
2404,1
11334,1
10541,1
4903,0
5205,0
5451,2
9750,1
1800,1
13044,0
12775,0
6390,1
10898,1
15371,1
5799,1
9744,1
16248,1
1062,1
15035,1
7210,1
12921,0
4492,0
15271,2
5408,1
10350,1
2448,2
13040,0
6812,1
7784,1
5821,0
16944,1
13521,0
11905,0
14917,1
7574,1
14660,0
11651,2
13262,0
15226,0
2629,1
13472,0
1312,1
14228,0
6814,2
15915,1
16670,1
3516,0
13658,0
835,1
7079,1
3284,0
12817,0
11190,1
13368,0
16577,1
11663,1
11278,1
1432,1
5241,0
2103,1
16240,1
11168,1
7946,1
14702,0
4196,0
14870,1
2339,1
10152,1
2878,0
15792,2
4076,0
1892,1
11509,1
7862,0
4199,0
5994,1
3522,0
15789,2
2133,1
3511,0
5148,3
12075,0
1518,1
12362,0
12684,0
9778,1
1166,1
7652,1
5987,2
1918,1
14400,1
13735,0
2443,1
11078,1
2516,1
6128,1
3339,0
2781,1
6245,2
14293,0
5778,0
5803,0
11135,2
10070,1
12891,0
10010,1
13312,0
10517,0
13671,0
2650,2
2708,1
8061,1
11096,1
7211,1
11189,2
8144,1
906,1
4218,0
10374,1
7047,1
11908,0
3077,0
5422,0
5672,0
13976,3
14009,3
16072,1
15136,2
7691,0
11981,0
15330,1
7849,1
3455,0
11050,1
2102,1
16522,1
11071,0
15969,1
3684,0
15407,2
6567,1
3519,0
7116,1
5313,0
13642,0
14962,1
11520,1
4244,0
7027,1
6996,0
5494,0
10775,1
3352,0
8054,1
16727,1
12185,0
3161,0
1417,1
12346,0
12241,0
14882,1
3640,0
5169,0
994,1
9905,1
16071,1
4106,0
4261,0
11959,0
11722,0
1642,1
3724,0
2676,1
3248,0
6929,1
2423,1
2253,1
10205,1
1296,1
1694,1
10440,1
11742,0
11461,2
4839,0
11248,1
11954,0
5055,3
4394,0
2211,1
13112,0
17025,0
820,1
12904,0
10447,1
16642,1
7364,1
4861,0
14545,0
8174,1
3025,0
11017,1
5870,0
12884,0
16635,1
1639,0
3206,0
13857,0
5563,2
3179,0
5586,0
8176,0
2114,0
12696,0
1579,0
11610,1
10799,0
10224,1
3359,0
3121,0
7895,1
7058,1
12405,0
4947,0
12618,0
2046,1
6285,1
14452,0
14217,1
14211,0
9876,1
1009,1
6457,3
6346,1
16490,1
5398,0
8175,1
15216,1
3775,0
10178,1
6506,1
7118,1
13457,0
13286,1
13586,0
10428,1
6903,1
15674,1
6319,1
1841,1
4819,0
12903,0
14813,0
15009,1
6791,2
5886,0
11203,1
1275,1
12681,0
13615,0
10708,0
12761,0
11864,0
7408,1
4065,0
15447,2
11712,0
10200,1
1860,0
8103,1
10645,1
14536,0
2346,2
5847,2
6138,1
13306,0
4632,0
6355,3
6323,1
11091,2
3140,0
12102,0
3467,0
2844,0
12335,0
9691,1
3827,0
1722,1
7091,1
14117,0
15088,2
2481,2
12620,0
15186,3
7120,1
5335,0
10765,1
5643,0
4382,0
3980,0
10340,1
2609,1
7035,1
14667,0
13490,0
14136,0
7222,1
14735,0
2798,2
1436,1
7598,0
3315,0
14943,1
7692,1
5430,1
4147,0
9903,1
5308,0
14143,0
10495,1
5260,0
12204,0
12644,0
11831,0
15097,1
14354,1
11421,1
16690,1
16691,0
4107,0
2925,0
5731,0
13274,0
12027,0
3750,0
3398,0
14486,0
13225,0
3267,0
903,1
9695,1
11328,1
1001,1
16055,1
1294,1
2507,1
13285,0
1230,1
3655,0
5678,0
12610,0
7708,1
16267,1
5593,2
13186,0
13595,0
12345,0
16449,1
4135,0
12258,0
13678,0
9929,1
15183,2
4488,0
13280,1
6637,2
13275,0
15205,1
16574,1
5584,0
16372,1
5177,0
15045,1
3904,0
11539,1
4602,0
13551,0
8059,0
13120,0
5608,0
2539,2
13373,0
15283,1
1649,0
4403,0
7078,1
14698,0
10649,1
14599,0
14371,0
11263,1
1481,1
1491,1
11577,1
16986,1
13828,0
4906,0
8030,0
3994,0
10911,1
13123,0
4615,0
15106,1
9846,1
11327,1
15921,1
6524,2
7287,1
15807,1
13848,0
12960,0
4525,0
14646,2
6941,0
12920,0
6888,1
14929,1
6740,0
1525,1
6278,1
3454,0
11682,2
1552,1
1304,1
15794,2
1759,1
4048,0
13632,0
7021,1
1827,1
5927,0
4540,0
3646,0
3318,0
15635,2
9853,1
10941,1
15180,2
3356,0
5160,3
7132,1
5292,0
15670,0
4651,0
2430,1
11937,0
4506,0
6654,2
9887,1
12309,0
3246,0
6829,1
10601,1
14202,0
5082,3
12813,0
15177,2
15841,0
10876,1
15310,1
7660,1
10135,1
14564,1
2862,0
12870,0
14014,3
1857,1
3020,0
3872,0
16209,1
10805,1
12913,0
4204,0
3198,0
9798,1
1414,1
4626,0
12747,0
10279,1
3603,0
7641,0
3027,0
13420,0
13518,0
4799,0
5349,1
966,1
5583,0
7025,1
13359,0
6475,1
10851,0
13716,0
10051,1
12579,0
13835,0
16895,1
16384,1
11151,1
11092,1
983,2
12491,0
1374,1
4137,0
933,1
8182,1
14639,1
1528,1
12014,0
12652,0
1276,1
11211,1
5587,1
10719,1
16305,1
15937,1
6539,2
11903,0
4699,0
5632,0
15196,1
13795,0
12715,0
7041,1
12662,0
5786,1
1335,1
5527,2
13419,0
16059,1
3063,0
14983,2
959,1
3130,0
2970,0
2907,0
7977,1
13396,0
2978,0
16448,1
5387,1
12036,0
2258,1
13725,0
7046,1
2499,1
1851,1
12282,0
14181,0
14981,1
4301,0
12124,0
6424,1
5972,0
14974,1
15846,0
11498,1
1874,0
11287,1
4747,0
3622,0
11970,0
6634,2
5229,0
2626,1
4803,0
6118,1
3494,0
5797,0
14267,0
7690,1
12558,0
5056,3
6797,0
15634,1
5301,0
1046,1
11823,0
14269,0
3379,0
2126,1
12089,0
16570,1
4072,0
3336,0
1147,1
11335,1
3237,0
11830,0
7887,0
831,1
4503,0
1742,0
5407,1
6025,1
4129,0
3289,0
4044,0
13780,0
1850,0
6385,2
6646,2
12433,0
11916,0
15872,0
13718,0
14865,1
11230,2
14554,0
1328,1
980,1
12255,0
12250,0
10266,1
11020,1
6709,2
10940,1
2601,1
5541,0
10826,1
10172,1
16809,1
1204,1
6454,0
3190,0
10973,1
15840,0
2954,0
9977,1
15398,2
12994,0
11711,0
16553,1
7544,0
12930,0
15918,1
2196,2
4681,0
4485,0
13036,0
14849,0
5024,0
15783,1
10832,1
4372,0
1410,1
16466,1
6548,3
5888,0
14462,0
1629,0
13094,0
12166,0
14389,0
2892,0
14848,0
4675,0
1779,1
6907,1
3324,0
7217,1
14751,0
993,1
5894,0
1838,0
2731,1
13259,0
6653,1
6961,2
4713,0
14890,1
5538,0
2420,1
11150,1
5413,0
16977,1
5343,1
15229,1
15054,1
1248,1
10589,0
6790,2
5693,0
9831,1
1144,1
16989,1
3854,0
1583,1
12598,0
14385,0
11558,1
11296,2
16077,1
6531,2
14588,1
14148,0
14320,2
6511,2
16478,1
6014,1
15697,2
14814,0
3228,0
1392,1
12944,0
15924,1
2701,1
3624,0
12605,0
12363,0
6949,2
15230,2
9921,1
6762,2
1605,0
6148,1
7356,1
3270,0
3760,0
5679,1
6090,1
16583,1
15967,1
6364,2
11418,1
12402,0
3275,0
12856,0
16781,1
1514,1
15363,2
16437,0
9765,1
3177,0
15665,2
15338,1
1373,1
5621,0
9866,1
10246,2
4956,0
3183,0
11162,1
4105,0
5820,1
6179,1
13694,0
1243,1
16432,1
4674,0
16830,1
1945,1
13830,0
2025,1
14017,3
11635,1
15728,2
13137,0
16422,1
1369,1
12482,0
12616,0
7556,1
5842,0
16964,1
5081,3
2136,1
3433,0
3534,0
7325,0
6338,2
5060,3
4759,0
2287,1
16445,0
3568,0
1823,0
1469,1
5615,1
16508,1
7323,1
3544,0
4849,0
2583,1
3934,0
5553,0
6943,2
4878,0
2410,1
7002,0
2977,0
16141,0
11945,0
13297,1
6935,1
14753,0
5536,0
6826,1
1842,0
6487,1
1426,1
14081,0
2792,1
16847,0
1492,1
16405,1
14950,1
9757,1
2250,2
5558,1
2426,1
15770,2
5881,1
10102,1
5250,0
16178,0
10429,1
16028,1
16345,1
6494,1
10623,1
1146,1
15439,1
10688,1
8048,1
11547,1
12570,0
2703,1
15225,2
1316,1
12284,0
15762,0
10993,1
14235,0
5271,0
8104,1
13272,1
7685,0
4971,0
6810,1
16521,1
14632,2
9764,1
13209,0
1350,0
2992,0
11526,1
3807,0
15494,2
11067,1
12787,0
7380,0
12201,0
13965,3
3159,0
3690,0
16344,1
16769,1
13742,0
1530,1
13770,0
16123,1
12587,0
4446,0
9856,1
1053,1
12434,0
14995,1
14141,0
11967,0
4588,0
14378,0
14910,1
1593,1
6223,2
7746,1
4708,0
1902,1
2033,1
14967,1
7160,1
16011,1
3599,0
1915,1
13308,0
15809,2
2688,2
5777,0
1249,1
1190,1
16307,1
7575,1
7956,0
2704,1
7476,0
6094,1
7546,1
2551,1
6240,1
10919,1
16863,1
1180,1
11697,1
6265,2
1454,1
15422,2
4234,0
10179,1
3880,0
15998,1
1930,0
12753,0
4757,0
13866,0
6031,1
14021,3
13455,0
6678,2
13258,1
15989,1
5496,0
11800,0
967,1
14175,0
13948,3
2761,1
14395,0
1870,1
4523,0
10463,0
16754,1
15077,2
5433,1
16149,1
3078,0
15978,1
9916,1
7468,1
2015,0
9910,1
2543,1
3794,0
5791,1
11325,1
1625,1
13134,0
8031,1
14725,0
10268,1
10142,1
5843,1
1786,1
15959,1
2670,1
15994,1
11426,1
7006,0
1561,1
4629,0
12588,0
11819,0
6510,2
11087,1
3861,0
7908,0
15094,1
11379,2
5244,0
13291,0
9707,1
11832,0
6154,2
970,1
6768,1
1070,1
3852,0
6748,2
2772,1
11752,0
4740,0
14775,0
7527,1
7610,0
6201,2
1033,1
2139,1
2399,1
5350,2
12081,0
16132,1
6401,0
9895,2
11298,1
1520,1
1595,1
4968,0
5649,0
3985,0
10310,1
11103,1
4925,0
12875,0
5718,0
4191,0
15051,1
5833,0
1420,1
5929,0
12332,0
12069,0
5578,1
6938,1
13392,0
13243,0
15587,2
7127,1
6219,2
1390,1
4643,0
16752,1
5140,3
5549,0
872,1
15123,2
15387,2
1700,1
9917,1
11062,1
12375,0
5968,1
3517,0
14801,1
4888,0
16600,1
853,1
2806,1
10852,1
1591,1
13526,0
6406,1
3243,0
2645,1
3982,0
7247,1
16843,0
12007,0
7892,1
15776,1
6652,2
13435,0
11047,1
3166,0
6529,0
14838,1
1653,1
13651,0
7330,0
2667,1
7897,1
15954,1
12651,0
13812,0
11914,0
11630,1
6378,2
11924,0
7409,1
10100,1
5914,0
11284,1
2527,2
6881,1
15555,1
11843,0
5459,0
4762,0
4472,0
15468,2
1462,1
11505,1
15803,2
13946,3
14351,0
1448,1
2872,0
1844,0
7362,1
16735,1
14319,1
2953,0
10369,1
4727,0
15438,1
5111,3
15930,1
7143,1
13902,3
10684,1
4738,0
13761,0
10598,1
14994,1
1686,0
6686,1
1345,1
10672,1
17043,0
4953,0
6184,1
2052,1
16796,1
5005,0
5274,0
13635,0
12238,0
11556,1
1339,1
13163,0
6589,1
7500,1
4483,0
4332,0
11244,1
15568,1
7265,0
12873,0
11875,0
7152,1
12710,0
11627,1
6566,2
13033,0
11463,1
6822,0
3043,0
14451,1
5840,1
8168,0
2984,0
8071,1
892,1
5626,1
9926,1
5487,1
3471,0
11447,2
3485,0
6080,1
13931,3
5581,0
3594,0
5039,3
6352,1
14896,1
985,1
13539,0
16205,1
4453,1
17045,1
13945,3
16341,1
6928,2
14104,0
14422,1
13977,3
2497,1
11089,1
4311,0
12804,0
10319,1
10926,1
11016,1
5674,1
3419,0
10944,1
7507,0
6126,1
9756,1
10460,1
7292,0
1811,1
2821,0
11209,1
5298,0
13633,0
11365,1
14614,1
1855,1
2679,2
7252,1
1973,0
4278,0
6357,2
6197,2
6491,1
10215,1
1970,1
13578,0
5048,3
4959,0
12262,0
1305,1
3991,0
2828,0
15412,1
16388,1
11788,0
9951,1
6676,1
12911,0
15896,1
3377,0
4423,0
883,1
13637,0
11469,1
10291,1
15145,0
14233,1
7686,1
12628,0
12497,0
15221,2
4163,0
14521,0
3532,0
7778,1
13916,3
13620,0
13942,3
5660,0
6468,2
10610,0
11597,1
7752,1
16294,1
6898,0
12367,0
16039,1
12969,0
14077,0
13409,0
7469,1
14555,0
7880,1
4253,0
15377,2
14825,0
12751,0
4315,0
11762,0
16173,1
7042,1
5716,1
2737,1
1587,0
10293,1
10646,1
4167,0
1002,1
4576,0
11667,1
10131,1
11443,1
6901,2
16665,1
14610,0
15871,0
4585,0
954,1
6703,1
16772,1
13790,0
4748,0
10769,0
14913,1
8110,1
10092,2
9972,1
3262,0
4050,0
14842,1
14047,0
5913,0
15772,2
13253,0
15660,0
14357,1
1584,1
7044,1
2417,1
3187,0
3846,0
13414,0
14658,1
3728,0
13180,0
7019,1
16740,0
16162,1
12955,0
6053,1
15678,2
1215,1
11640,1
13098,0
7689,1
10018,1
7639,1
6577,2
2820,0
1651,0
16392,1
13489,0
7481,1
2352,2
12051,0
13995,3
16877,1
10889,1
12117,0
3552,0
4876,0
10207,1
1205,1
13787,0
10922,1
16840,1
12199,0
10426,1
4404,1
5049,3
16643,1
1029,1
12825,0
4471,0
11657,1
4932,0
14442,0
6398,0
5158,3
907,1
10812,0
2791,2
2987,0
15424,1
7354,1
1601,1
7361,1
4694,0
5295,0
4275,0
13875,0
14533,1
2029,1
16656,1
2080,1
11925,0
4240,0
11708,0
4954,0
7228,1
2795,1
12495,0
15726,0
1903,1
6296,1
2908,0
2962,0
16832,1
6598,2
12607,0
7671,1
6048,1
4435,0
16044,1
4293,0
6320,2
14092,0
10122,1
16244,1
10739,1
13908,2
16041,1
2100,1
5683,1
2019,0
12624,0
10117,1
14057,0
10137,1
7952,1
12059,0
13508,0
16314,1
3213,0
13699,0
12888,0
14443,0
3103,0
12235,0
5067,3
7154,1
15091,2
7406,0
15493,2
7940,1
12209,0
4508,0
5277,0
3389,0
11065,1
10455,1
7365,1
13909,3
1571,0
2718,1
884,1
15518,0
7282,3
2183,1
13187,0
16155,1
15108,2
4659,0
10049,1
7309,1
3118,0
7394,1
16043,1
13654,0
5997,1
15887,1
10267,1
6173,1
13320,0
10057,1
13092,0
16263,1
16934,1
15366,2
10771,1
4778,0
1682,0
10535,1
15668,2
12991,0
10841,1
10683,0
3361,0
13139,0
6412,1
6848,1
4121,0
2440,1
4258,0
11352,1
2437,1
15056,1
2608,1
2803,1
1074,1
11272,1
7572,1
1191,1
2680,1
15432,2
14960,1
16756,1
13888,0
2152,0
16370,1
16433,1
10149,1
12945,0
2129,0
4401,0
10026,1
4774,0
11372,2
12973,0
13398,0
10751,1
7502,1
8127,1
4923,0
14876,1
12803,0
10164,1
16138,1
4316,0
858,1
13152,0
16607,1
5701,0
16794,1
4924,0
5470,0
5952,0
15818,2
15246,2
5453,0
12078,0
6533,2
6055,1
15313,1
17023,1
2943,0
1987,0
6696,3
7804,1
11839,0
1914,1
14575,0
1368,1
7790,1
15890,1
5179,0
2681,1
10901,1
6337,1
7536,1
13215,1
1921,0
6519,1
4371,0
14201,0
5150,2
12546,0
4596,0
10133,1
12844,0
10329,1
3537,0
3110,0
16193,1
14044,0
12793,0
7092,1
6639,2
15367,2
1422,1
4294,0
10032,1
14191,0
14475,1
13981,3
12108,0
16524,1
3784,0
11732,0
5099,3
12068,0
10111,1
7524,1
14518,1
2931,0
3094,0
12874,0
14036,2
13844,0
7340,0
848,1
13473,0
2232,1
15218,2
12319,0
15546,2
6028,1
10208,1
13584,0
14903,1
2110,1
15140,2
14940,1
7839,1
12745,0
7526,0
6512,1
13193,0
1303,1
1467,1
15669,1
16444,1
2702,1
1503,1
3301,0
3287,0
935,1
10365,2
6537,3
13469,0
2687,1
4962,0
13702,0
10548,1
10707,1
15012,2
5485,1
11533,1
889,1
12155,0
7803,1
7029,1
7593,1
7611,1
14178,0
13528,0
3294,0
5142,3
16550,1
11576,1
1138,1
17018,1
10227,1
13404,0
5630,1
11650,1
6514,2
5391,0
14472,1
3996,0
14920,1
4930,0
10656,1
11486,1
4156,0
3802,0
4850,0
1647,0
12347,0
11146,1
10990,1
15019,1
15942,1
5910,1
13322,1
4598,0
9806,1
12376,0
13777,0
7535,1
3589,0
4148,0
15936,1
12442,0
10577,1
4130,0
13614,0
16220,1
10402,1
14243,1
6642,0
4155,0
3935,0
11596,1
1553,1
5224,0
16688,1
7153,1
2976,0
3299,0
1168,1
5767,0
8033,1
16854,1
13720,0
12896,0
1478,1
13395,0
6455,1
8136,0
973,1
9963,1
15625,2
11884,0
6109,1
12031,0
3090,0
2267,1
6836,1
2760,1
2973,0
10555,1
11074,2
2517,1
6363,1
15682,2
9978,2
16559,1
5995,1
7444,1
6522,2
15485,1
9880,1
14103,0
7251,1
12188,0
10764,1
14765,0
894,1
3220,0
11538,1
1656,1
15699,2
7531,1
16632,1
6556,1
15334,3
11116,1
13854,0
3813,0
15018,1
14859,1
6426,1
13935,3
16218,0
10002,1
16231,1
5502,0
16901,1
1575,1
3484,0
4823,0
10715,1
3927,0
12087,0
16136,1
818,1
16880,1
7329,1
14654,0
13628,0
5363,0
13405,0
2023,1
2815,1
9796,1
4194,0
4542,0
6358,2
12296,0
9934,1
12369,0
12983,0
7661,1
13934,2
8159,1
2394,1
11665,1
12169,0
2254,1
12404,0
7891,1
10818,0
10943,1
5475,2
2668,1
8017,1
1655,0
4761,0
15026,1
5254,0
15609,1
12822,0
1954,1
5941,0
6464,2
14327,2
15732,2
4263,0
11212,1
4608,0
10533,0
6777,3
15359,2
3285,0
875,2
7313,1
1540,1
1438,1
11308,1
11705,0
14958,2
7422,1
5647,0
3044,0
12841,0
4075,0
7130,1
5534,0
9855,1
15906,1
13818,0
3365,0
7914,1
4984,0
10605,1
11757,0
8115,0
3349,0
10316,1
5108,3
13228,0
7150,1
13350,0
4921,0
1905,1
15815,2
11816,0
2581,1
16527,1
7391,1
3013,0
12941,0
14936,2
1214,1
6647,1
9746,1
14230,1
16090,1
6815,2
10296,1
15357,0
3233,0
12305,0
3052,0
15047,1
15245,2
3479,0
5089,3
6559,2
1704,1
11904,0
12539,0
3174,0
2661,1
15293,2
979,1
9956,1
4270,0
9860,1
3767,0
5582,0
3503,0
14128,0
1025,1
1767,1
7147,1
14164,0
5664,0
2065,1
11706,0
2165,1
5925,1
13659,0
10027,1
6399,2
5076,3
17051,0
11412,1
9950,1
6950,1
6931,0
13337,0
12864,0
11870,0
1955,1
10847,1
17040,1
5540,0
6147,1
7982,1
15021,1
1172,1
15723,1
10280,1
3223,0
15858,0
15129,2
15892,1
6141,1
5934,0
15258,1
6243,3
15254,2
14428,0
4000,0
11123,2
8058,1
4880,0
2266,1
8132,1
7023,1
13440,0
1175,1
4217,0
11001,1
11277,1
7173,1
14416,1
13451,0
2913,0
5812,1
16006,1
16382,0
16961,1
15642,3
15078,2
1306,1
6460,1
10674,0
5670,0
3972,0
11619,1
855,1
16110,1
7665,0
9782,1
8072,1
10506,1
3084,0
2525,1
15786,2
5261,0
16970,1
12868,0
5392,0
4715,0
13016,0
16920,1
4043,0
11069,1
7007,1
15740,2
5189,0
15698,0
11024,1
11973,0
16387,1
14982,1
14602,1
7624,1
5721,0
15329,2
16532,1
6171,1
13893,0
13256,0
5991,1
10161,1
6593,2
6755,1
10558,1
15294,2
16063,1
11470,2
4298,0
13024,0
2993,0
2422,1
13874,0
10968,1
5399,1
2785,1
7123,1
15691,2
13417,0
14892,2
10580,0
10537,1
6082,1
10125,1
4793,0
1765,1
9708,1
13606,0
7363,1
14655,0
10461,1
11524,1
14058,0
12024,0
6530,2
11553,2
10650,1
13399,0
14745,1
16252,1
13962,3
11677,1
9908,1
6615,2
6470,1
4020,0
4843,0
10483,1
14581,2
1487,1
13903,3
13376,0
5857,0
4241,0
17026,1
7917,0
13260,0
10648,1
15176,2
16159,1
13517,0
8062,3
3279,0
15561,2
5940,0
6932,2
11578,2
12814,0
12479,0
3856,0
16533,1
15134,1
11989,0
14652,0
14102,0
3056,0
10699,1
1119,1
6111,1
7745,1
13006,0
3771,0
10094,1
7912,0
12540,0
15730,1
1797,1
5548,1
13104,0
4303,0
4035,0
8001,1
10584,1
15166,2
3953,0
6835,2
14730,0
1290,1
14193,0
15266,2
13445,0
3637,0
8018,0
14064,0
14864,2
893,1
4920,0
16319,1
947,1
11990,0
3155,0
10608,1
1394,1
16903,1
6206,2
12656,0
10961,0
4662,0
16479,1
866,1
12420,0
1318,1
3298,0
4689,0
4865,0
13466,0
3211,0
15507,1
10052,1
10983,1
14182,0
16327,1
12189,0
11417,2
10914,1
10862,1
12721,0
5311,0
7322,1
16945,1
1523,1
9794,1
2336,1
14489,2
14828,0
6423,1
15212,2
16212,1
9752,1
11659,1
3288,0
10721,1
7762,1
10320,1
15866,0
7276,1
10078,1
13882,0
15349,2
13488,0
1606,0
4597,0
3326,0
12900,0
6501,1
3677,0
3941,0
13674,0
13235,1
5891,1
16681,1
15502,1
4325,0
7883,1
8149,1
1836,0
3946,0
15799,1
1132,1
15926,1
1125,1
13349,0
14657,0
16981,1
14321,1
5290,0
5353,1
7725,1
13389,0
1513,1
3791,0
2377,1
11293,1
8073,1
12366,0
12058,0
15479,2
5967,0
16907,1
9723,1
1522,1
5181,0
16052,1
3024,0
15340,2
5463,0
15782,2
12030,0
8085,1
10326,1
8060,1
4687,0
6799,2
3643,0
3114,0
1411,1
15491,2
9868,1
15481,2
3490,0
3960,0
5567,1
13336,0
2239,1
1495,1
12494,0
9936,1
6283,2
16644,0
11847,0
8046,1
2894,0
5043,3
7825,1
4157,0
10657,1
13207,0
15069,1
12261,0
14185,0
3719,0
15746,0
14803,1
15905,1
3210,0
3054,0
7864,1
1793,0
2313,1
6059,1
16680,1
11401,1
11420,2
11666,1
1869,1
10906,1
6144,1
4280,0
14397,0
2637,2
3580,0
15292,1
6204,1
7650,0
10086,1
4229,0
7579,1
16005,1
12726,0
1754,1
2625,1
10068,1
11220,1
10792,1
3249,0
3205,0
13257,1
5217,0
6705,2
5836,1
7441,1
6218,1
13430,0
2515,1
10768,1
2824,0
16030,1
5473,0
7115,1
6362,1
14115,0
15152,1
15992,1
15207,0
4320,0
7684,1
11796,0
13756,0
1161,1
4449,0
15983,1
16119,1
6667,2
3404,0
16919,1
15240,2
4623,0
2491,1
12680,0
2864,0
6448,1
9920,1
6554,1
12447,0
14977,2
6596,1
15388,2
4683,0
12509,0
6418,0
13710,0
5856,1
15005,1
6023,2
3713,0
10718,1
13890,0
13537,0
13913,3
3126,0
3798,0
1240,1
11848,0
11802,0
14339,1
13692,0
16611,1
11946,0
13041,0
12318,0
16042,1
15877,0
15488,1
15061,1
1437,1
7591,1
1730,1
7995,1
11623,1
6952,1
16440,0
1497,1
14733,2
3590,0
8014,0
3567,0
7843,1
5969,0
7162,1
5971,0
13577,0
4456,0
3668,0
6479,3
2554,2
16333,1
3446,0
4367,0
2832,0
9728,1
6775,2
11537,1
14255,0
15104,1
14313,0
15515,2
12631,0
11313,1
8015,0
1564,1
2765,1
5535,0
3898,0
2964,0
4132,0
3232,0
1712,0
5727,0
10324,1
15351,1
7601,1
13607,0
16230,1
6896,2
7857,1
11258,1
13273,1
3973,0
5352,1
4165,0
1278,1
4680,0
7760,1
14856,1
3607,0
13569,0
12400,0
3395,0
4078,0
11766,0
12949,0
12908,0
6570,1
5110,3
4427,0
10930,1
13311,0
4584,0
9813,1
13270,0
2112,1
7858,1
7586,0
7901,1
13683,0
14208,0
13353,0
6840,2
15311,2
3561,0
14053,0
7090,1
5544,1
14741,1
6851,2
1791,1
13552,0
11622,1
5638,2
17028,1
3914,0
5431,1
16350,1
4025,0
7738,0
16683,1
4847,0
11876,0
7747,1
11323,1
10308,1
15523,1
3137,0
7696,1
12617,0
11101,2
1091,1
7577,1
13686,0
15500,2
2077,1
1207,1
4081,0
11471,1
16839,1
7984,1
5519,0
2684,1
13688,0
2955,0
14789,0
3360,0
12348,0
9777,1
3948,0
15383,2
3614,0
11219,1
2061,0
829,1
4706,0
10680,1
15988,1
16391,1
5699,0
5769,2
1470,1
2845,0
15836,2
8116,1
2483,2
4673,0
3536,0
5023,0
10732,0
3062,0
6743,2
12795,0
3860,0
10433,1
14108,0
16304,1
13371,0
5454,0
7973,1
15242,1
9873,1
12784,0
8008,0
13858,0
13843,0
14868,1
13051,0
1282,1
16905,0
15128,1
13427,0
7208,1
13531,0
14471,0
5636,0
15346,2
12115,0
14485,0
9948,1
15194,1
7434,1
14035,3
13693,0
3731,0
12779,0
3456,0
3542,0
11999,0
15487,1
10740,1
12088,0
10647,1
5154,3
14274,1
16097,1
6110,1
1449,1
7230,1
16543,1
11917,0
14542,2
6134,1
5780,0
13089,0
5521,0
8042,1
2203,2
4349,0
2282,1
1220,1
7868,1
15331,0
4474,0
11376,1
11377,1
814,1
2097,0
7622,1
3247,0
11153,1
12619,0
6569,1
5884,0
10869,1
16935,1
15857,0
2316,1
1380,0
12647,0
7552,0
12789,0
7931,1
14070,0
2310,2
10156,1
11799,0
11811,0
6811,1
10912,1
13271,0
8118,1
7900,0
4546,0
4073,0
5119,3
7225,1
16256,0
1250,1
3835,0
2108,1
975,1
12225,0
5781,1
7567,0
15149,2
14497,2
15076,2
6316,1
12650,0
2419,1
6865,3
1623,1
3623,0
10557,1
3906,0
11749,0
7145,1
2411,1
16693,1
14923,1
5285,0
13919,3
12671,0
11806,0
5751,0
10879,1
17052,1
2903,0
10942,1
11390,1
12082,0
13524,0
2303,2
3152,0
12918,0
2074,1
5720,0
3694,0
12026,0
1124,1
11429,1
3065,0
16516,0
14648,0
2274,1
13739,0
12154,0
14869,2
1919,0
5564,1
6484,1
2051,0
5978,1
14549,0
13352,0
1375,1
11895,0
4732,0
13968,3
3528,0
8147,1
16145,1
5198,0
10725,0
15147,3
11458,1
1821,0
11840,0
3412,0
7675,1
4557,0
5209,0
15831,1
5109,3
1774,1
2032,1
2148,1
13502,0
3883,0
10480,1
1719,0
4919,0
11344,1
12257,0
2830,0
5931,0
13732,0
3644,0
5983,1
6758,1
1550,1
12783,0
1155,1
846,1
10335,1
2242,1
7194,1
11478,1
2008,0
16289,0
812,2
1790,1
938,1
1315,1
15185,1
7638,0
4744,0
7216,1
1747,0
4985,0
14283,0
5041,2
10186,1
7016,1
12808,0
11604,2
7581,1
3545,0
1772,1
2897,0
6233,1
1942,1
10388,1
1977,1
10720,0
950,1
10981,1
16560,1
5962,1
6828,2
5504,0
14112,0
4663,0
17050,1
5554,0
4696,0
14281,2
7834,1
2916,0
13317,0
11923,0
12212,0
6665,1
11688,1
4901,0
4677,0
2528,1
14539,1
6127,1
5598,1
4690,0
3303,0
13468,0
12727,0
2673,2
6400,2
15001,1
6607,2
7284,1
15420,1
13035,0
14823,0
16197,0
4980,0
7629,0
4768,0
16966,1
2966,0
14697,1
6207,2
7270,1
16227,1
12350,0
11262,1
13994,3
3369,0
15086,2
7466,1
1332,1
13053,0
14278,1
15322,2
2918,0
5315,0
14370,1
2311,2
5524,0
12819,0
11188,2
10540,0
12926,0
3093,0
10188,1
11518,1
836,1
16360,1
13660,0
7281,0
7427,0
3830,0
13966,3
1458,0
15284,1
5480,1
11247,1
7455,1
15441,2
13164,0
15380,2
15437,1
15522,2
10752,0
4357,0
1950,1
7189,1
4892,0
11482,2
11148,2
8049,1
5385,0
10938,1
11555,1
4767,0
5747,1
10636,1
1030,1
15510,2
14677,0
2081,0
7539,0
12249,0
12144,0
12360,0
10878,1
11829,0
11403,1
6314,2
2138,1
3381,0
974,1
7990,0
15920,1
6492,1
15096,2
15659,2
13038,0
5427,1
11023,1
2593,1
12673,0
1979,1
11019,0
11984,0
1607,1
7728,1
1439,1
12632,0
7637,1
14218,0
5509,0
11051,1
14516,0
13562,0
12850,0
4402,0
14800,1
13343,0
13191,0
7163,1
17032,1
1810,1
6651,1
15347,1
12821,0
10887,1
15199,2
4378,0
10064,1
3059,0
2860,0
16318,1
7174,1
13684,0
5654,2
15604,1
1885,0
13450,0
5915,0
2257,1
861,1
11052,1
3513,0
15504,1
4136,0
12015,0
12562,0
10628,1
1831,1
7034,1
12768,0
5147,3
4961,0
12764,0
5601,1
10255,1
3620,0
1932,0
3439,0
12170,0
3048,0
3252,0
4252,0
1186,1
1739,1
11735,0
10759,1
1769,1
11733,0
14392,1
13974,3
14855,1
6998,0
918,1
5885,1
6181,1
7440,1
2425,2
13476,0
14559,2
9960,1
16882,1
12550,0
13964,3
10276,1
7523,1
5135,3
2582,1
10929,0
2236,1
3670,0
7032,1
10815,1
6966,0
10814,1
7800,1
7245,1
7193,1
1157,1
3754,0
9826,1
15369,1
5443,1
14105,0
2383,1
3460,0
12869,0
7461,1
1441,1
12541,0
15577,1
10194,1
13083,0
1164,1
1287,1
16024,1
16329,1
16821,1
7776,1
4089,0
16640,1
6585,1
7932,1
11894,0
14331,0
15376,2
9874,1
5029,3
12858,0
2698,1
2396,1
12384,0
15339,2
2690,1
14394,0
14638,0
5507,0
11118,1
7841,1
2402,1
4062,0
6382,2
7636,1
2529,1
1028,1
8066,1
4974,0
7191,1
5338,0
13148,0
3001,0
10896,1
15766,0
16526,1
4458,0
11297,1
1319,1
14195,0
3393,0
4493,0
16310,1
936,1
12741,0
10101,1
16995,1
14788,1
6565,2
13160,0
10145,1
4326,1
3538,0
7714,1
14675,0
10969,1
16923,1
15966,1
5467,0
9912,1
13236,0
5281,0
11570,2
6073,1
9810,1
7013,1
15800,2
5210,0
9955,1
7048,1
3727,0
10130,1
7220,1
15102,1
4405,0
2234,2
2705,1
15620,1
15946,1
16947,1
5096,3
5376,2
4010,0
15758,2
12879,0
11763,0
9793,1
3154,0
7218,1
3541,0
4970,0
1419,1
6244,2
1677,1
11643,1
3401,0
7108,1
16968,1
11110,1
1835,1
11217,1
7600,1
6832,2
5226,0
2145,1
5079,3
13918,2
14717,2
10574,1
13661,0
11745,0
7378,0
6657,1
1822,0
12689,0
13448,0
16460,1
14453,2
6948,1
7080,1
15139,2
10754,1
2879,0
12843,0
16584,1
8076,1
11926,0
14247,0
5620,2
3776,0
11260,1
14242,2
10797,1
13757,0
12422,0
8035,1
10415,1
10055,1
5717,2
12773,0
11731,0
5744,0
3642,0
16270,1
14029,3
14871,1
14048,0
16803,1
3844,0
14249,1
2285,1
12429,0
1568,1
14157,0
2811,1
13724,0
7771,1
2490,1
2365,1
5864,0
4833,0
15975,1
10925,1
8111,1
5425,0
4279,0
13012,0
4702,0
6612,0
4928,0
1298,1
2590,1
4502,0
4782,0
4385,0
12460,0
15364,1
3244,0
15916,1
2720,1
16732,1
12989,0
3540,0
4373,0
1508,1
7432,1
4308,0
12465,0
10148,1
7623,1
13023,0
5606,1
16186,1
12453,0
5858,0
1538,1
9987,1
1994,1
1875,0
2194,2
13115,0
6551,2
12725,0
12638,0
3346,0
15711,2
3016,0
16909,1
2597,1
14310,1
12523,0
16596,1
9989,1
12724,0
6786,1
8098,0
14624,1
6272,2
15675,2
7480,1
14613,0
12664,0
16551,0
12560,0
3596,0
2695,1
13049,0
1749,1
14096,0
12912,0
4826,0
11256,2
15738,1
13135,0
4938,0
7375,1
13583,0
2630,1
13701,0
6841,2
14043,0
5228,0
10211,1
15101,2
16418,1
4630,0
14664,1
10882,1
7649,0
15257,3
8016,0
2075,1
14696,0
10165,1
9763,1
3582,0
12865,0
13938,3
16349,1
10639,1
4213,0
15759,3
2147,1
11176,1
10749,1
13650,0
5964,2
1023,1
3113,0
6435,1
13879,0
11288,1
15079,2
13026,0
15716,2
15025,1
14609,1
15037,2
15645,1
3453,0
4250,0
12749,0
3162,0
13596,0
10865,0
8013,1
6020,1
13798,0
12275,0
12092,0
15591,2
2658,1
988,1
11479,1
14215,0
10132,1
4328,0
2921,0
2005,1
16824,1
14287,2
6481,1
15282,2
2565,1
12533,0
1784,0
1289,1
15459,0
15993,1
6508,2
7724,0
15119,2
3368,0
4477,0
12328,0
14889,1
1728,1
6308,1
14662,1
3082,0
10849,0
3569,0
10464,1
5378,0
3148,0
14798,0
2632,1
3083,0
5365,2
15163,2
10786,0
6625,1
7096,1
11316,1
15810,1
4628,0
6300,2
1351,1
11021,1
8139,1
10711,1
16734,1
14829,0
10056,1
11740,0
4439,0
13178,0
15768,2
2307,1
7707,1
13648,0
3146,0
16782,1
10652,1
16509,1
11303,2
16741,1
4095,0
14902,1
10322,1
5173,0
10024,1
6846,1
10989,0
5826,0
13821,0
4567,0
16703,1
6248,1
8107,1
3131,0
2280,1
6008,1
6782,2
15482,2
9976,1
10744,1
13791,0
1054,1
5865,0
14350,0
11331,2
15647,1
11280,1
11440,1
5490,1
17004,1
8130,1
10395,1
5577,2
3959,0
6242,2
5758,1
12586,0
11500,1
4397,0
5219,0
4692,0
13345,0
16765,1
3658,0
16228,1
15298,0
5149,3
3919,0
5402,1
7291,0
1095,0
2485,1
5141,3
5063,3
4149,0
16331,1
5557,1
826,1
4052,0
11882,0
6981,0
7453,1
5673,0
5597,0
4046,0
14270,0
1476,2
4061,0
7475,1
10770,1
1474,1
6605,2
6257,1
3548,0
5033,3
5278,0
11772,0
1120,1
1641,1
13385,0
4255,0
13877,0
15243,2
11378,1
7886,1
4419,0
2865,0
16738,1
4864,0
15747,1
5556,0
4302,0
7835,1
3372,0
10853,1
1947,1
10606,1
16313,1
6546,2
13481,0
2779,1
15601,3
10342,1
14268,0
7488,1
6162,1
2699,1
4750,0
942,1
1995,0
12621,0
7781,1
14894,1
1288,1
7501,1
14946,2
15867,0
2304,1
4131,0
9785,1
1646,0
952,1
14465,1
7522,1
5230,0
5889,2
3850,0
9792,1
5877,1
15863,0
15308,2
12690,0
14160,0
5815,0
16992,1
7786,1
11456,1
10445,1
14015,3
9882,1
5324,0
16237,1
1670,1
6203,2
4342,0
3817,0
12791,0
4840,0
2191,1
4425,0
2167,0
15395,1
10514,1
10633,0
11683,1
7283,0
12048,0
10004,1
4722,0
10700,0
11435,1
15769,2
5924,1
5908,0
15251,2
4815,0
5015,0
2875,0
9841,1
13394,0
5724,1
4187,0
1103,1
13198,0
7782,1
1342,1
10883,1
12114,0
1170,1
1126,1
14474,0
13387,0
4346,0
7355,1
14437,0
2433,1
10085,1
1879,1
3145,0
12535,0
1740,1
1336,1
12097,0
11798,0
12596,0
1507,1
6722,1
11483,1
10527,0
1096,1
12355,0
6658,1
7458,1
11058,0
13656,0
10988,1
7277,1
15239,2
7792,0
4952,0
13486,0
4844,0
4491,0
3133,0
3862,0
2940,0
5902,1
13570,0
9848,1
2214,1
13834,0
11200,2
16708,1
11814,0
13533,0
11493,1
15181,2
7563,1
1847,0
12483,0
4758,0
11595,1
3499,0
16245,1
5045,2
10666,1
4890,0
11295,1
15236,2
5354,1
4887,0
6428,1
2086,1
1988,1
2724,1
16131,1
3717,0
4455,0
10095,1
8113,0
5981,1
7103,1
14426,0
6724,2
15713,2
15358,1
12224,0
9800,1
2466,1
6692,1
4068,0
13736,0
15130,2
5501,0
14877,2
2487,1
4125,0
11194,1
15250,2
13290,1
1260,1
5411,1
7087,1
13031,0
5104,3
14886,1
6839,2
8125,1
14748,2
14996,2
16700,1
7582,0
1171,1
2715,1
7615,1
14528,0
6441,1
15299,2
14246,0
2444,1
13849,0
13852,0
14427,0
4792,0
14504,0
7695,1
10080,1
15690,2
11120,1
15263,1
2149,1
13704,0
12389,0
6550,2
7957,1
5839,0
16742,1
4997,0
15999,1
9965,1
16666,1
2357,1
7879,1
15458,1
12683,0
1006,1
13232,1
12847,0
15574,1
4480,0
12996,0
16697,1
12946,0
5375,1
16312,1
5449,1
1088,1
11097,1
14514,0
5113,3
16362,1
1326,1
14736,1
13227,1
13429,0
7640,1
10313,1
1460,1
14728,2
15228,2
16457,0
13467,0
6493,1
1576,0
14918,1
5351,0
14163,0
10820,1
2544,1
2151,1
2754,1
14147,0
10825,1
15003,1
10513,1
1806,0
1678,1
14612,0
15100,2
3108,0
4190,0
5357,2
10201,1
7294,0
16130,1
4716,0
7674,1
13136,0
7451,1
15191,2
15953,1
5768,1
12193,0
12425,0
1876,1
10209,1
3738,0
5191,0
7748,1
5841,0
16025,1
14042,0
15036,1
12669,0
5704,2
12297,0
2049,1
6798,0
10890,1
10196,1
5037,3
11517,1
15554,2
12702,0
6870,0
10301,1
7592,0
12742,0
12229,0
6813,2
10819,0
1221,1
7704,0
5735,0
4256,0
16634,0
1206,1
10304,1
13360,0
6393,1
16394,1
14723,0
6156,2
15578,1
6853,1
1594,1
16774,1
15615,2
13958,3
4559,0
10907,1
5047,3
5393,0
15542,1
5269,0
961,1
12876,0
4042,0
12712,0
14010,3
1817,1
7969,1
13075,0
2476,1
16031,1
3555,0
16045,1
16812,1
6225,1
2392,1
15796,2
12142,0
16557,1
14134,0
13906,3
5266,0
1805,0
6971,0
5517,0
1173,1
5497,0
13898,0
16867,1
1011,1
12883,0
6704,3
11255,1
5097,3
10525,0
10210,1
13477,0
11408,2
5034,3
4610,0
13086,0
15011,1
2532,2
2859,0
1187,2
5684,0
5257,0
3971,0
12567,0
15213,2
6472,1
1527,1
2759,2
10453,1
1251,1
13928,3
16585,1
2809,2
1577,1
2246,1
6076,0
11896,0
14507,1
15785,1
6294,2
3781,0
11240,1
4821,0
14641,1
11197,2
2617,1
15262,2
12077,0
13268,0
14547,1
11655,1
5805,0
13762,0
3292,0
1878,0
5068,3
7751,1
854,1
14133,0
13372,0
6736,2
12067,0
8158,1
16018,1
5655,0
3598,0
10877,1
10386,1
11863,0
937,1
10009,1
7658,1
2208,2
14503,1
11721,0
16694,1
9973,1
3491,0
11624,1
963,1
11979,0
1267,1
12612,0
2930,0
1707,1
7180,1
6796,1
16127,1
16525,1
2130,1
12532,0
7057,1
2248,1
7235,0
13224,0
7626,0
13181,0
9755,1
3015,0
6166,1
13953,3
4583,0
10185,1
15428,2
7759,0
7506,1
5846,0
3452,0
12314,0
14204,0
15460,2
5397,1
13183,0
12823,0
11164,1
12481,0
10151,1
2743,1
14273,1
13837,0
15032,1
6599,2
15833,0
16717,1
1900,0
1868,1
2714,1
7774,1
13582,0
6860,2
5077,4
17024,1
13530,0
12962,0
1971,0
1782,1
11079,2
2797,1
3702,0
1407,1
5893,1
10405,1
6476,1
16446,1
995,1
15392,2
7178,1
4109,0
15215,2
12630,0
3353,0
6000,2
10465,0
2777,1
4848,0
6954,1
15683,2
6541,3
2400,1
10317,1
2364,1
4800,0
3178,0
15914,1
10670,1
12827,0
1899,1
12416,0
10910,1
12061,0
7447,1
11645,1
16893,0
16125,1
14325,0
7795,1
7278,1
13267,0
15265,0
10723,1
4409,0
11360,1
12501,0
7811,1
6301,1
14908,1
14633,2
12377,0
5225,0
11003,1
16342,0
2586,2
13206,0
4114,0
12917,0
887,1
14253,2
6311,2
3979,0
8161,1
12137,0
3320,0
13127,0
16606,1
2611,1
15672,1
12334,0
10167,1
2838,0
6343,1
3792,0
10671,0
14291,1
6146,1
6684,2
6327,0
12467,0
11490,1
6485,1
5713,0
10958,1
13301,1
12099,0
16029,1
8123,1
16571,1
6032,1
16455,1
13842,0
15321,1
11422,1
7904,1
2003,0
16856,1
12936,0
2475,1
11939,0
5323,0
16951,1
6872,1
2068,0
11631,1
15981,1
14509,0
1820,1
6192,1
10706,1
977,1
1104,1
16085,1
7384,0
5900,0
15934,1
4904,0
3464,0
5025,3
14467,2
16705,1
12872,0
5462,1
2117,0
926,1
3944,0
11846,0
7710,1
14615,0
3834,0
3038,0
14956,1
5003,0
3769,0
7014,1
13240,1
4201,0
3602,0
8079,0
14335,2
3153,0
15808,2
5009,0
13610,0
12564,0
7663,1
16363,1
8010,1
1983,1
3173,0
15434,2
10908,1
7089,1
2091,1
2885,0
1697,1
16116,1
4993,0
16587,1
7699,0
