id,price_category
10392,0
3525,0
10748,0
14114,0
10028,0
3466,0
2939,0
15408,0
16373,0
1843,0
1277,0
11696,0
13669,0
16793,0
11145,0
11714,0
5145,0
12785,0
7576,0
4287,0
14622,0
10015,0
1736,0
891,0
3002,0
16395,0
14779,0
1935,0
12794,0
14184,0
2004,0
14411,0
11566,0
4150,0
15534,0
6699,0
16317,0
7992,0
7463,0
4047,0
15764,0
4322,0
11632,0
15008,0
13717,0
12521,0
14384,0
3942,0
4016,0
4741,0
14905,0
14629,0
7721,0
15839,0
3869,0
1529,0
15947,0
6787,0
13052,0
13054,0
5561,0
12223,0
6136,0
15658,0
9842,0
13745,0
16866,0
1837,0
11910,0
12456,0
10999,0
5204,0
11941,0
12394,0
3149,0
10454,0
2480,0
12510,0
7306,0
4989,0
10892,0
10794,0
4547,0
4827,0
15894,0
11374,0
7517,0
11464,0
14857,0
7878,0
11049,0
9844,0
17031,0
3814,0
3139,0
4022,0
1991,0
15318,0
1193,0
9968,0
4272,0
3845,0
12364,0
11317,0
5628,0
3963,0
1949,0
6795,0
15013,0
4005,0
1539,0
5822,0
6210,0
12310,0
12242,0
2985,0
6205,0
10218,0
9828,0
1231,0
5920,0
1997,0
10755,0
7024,0
6387,0
1075,0
5614,0
5838,0
16709,0
7930,0
6081,0
11290,0
2156,0
16282,0
12174,0
12985,0
16726,0
10245,0
12528,0
12677,0
12525,0
15718,0
5038,0
16807,0
3170,0
15943,0
14911,0
15556,0
13881,0
10173,0
5448,0
16979,0
15335,0
13816,0
3578,0
2109,0
16678,0
14596,0
3787,0
2107,0
6249,0
1989,0
4406,0
13423,0
10986,0
7059,0
2041,0
4186,0
10594,0
4128,0
3209,0
5798,0
7135,0
14277,0
5575,0
12151,0
1891,0
14097,0
9815,0
3929,0
16629,0
4589,0
9692,0
16471,0
4551,0
12182,0
4678,0
16975,0
4417,0
5810,0
14455,0
7049,0
2451,0
9775,0
5280,0
4950,0
1245,0
9970,0
14850,0
7688,0
7119,0
15072,0
14347,0
11679,0
12820,0
11950,0
12772,0
3217,0
16188,0
4173,0
10991,0
7326,0
15644,0
13110,0
13801,0
5176,0
12407,0
5817,0
13677,0
14341,0
12506,0
14297,0
14176,0
16374,0
11093,0
4735,0
2956,0
16485,0
13142,0
13323,0
5307,0
10327,0
13983,0
16068,0
908,0
6921,0
6208,0
1019,0
6594,0
16530,0
4852,0
16238,0
3079,0
16088,0
7348,0
4611,0
14066,0
4003,0
15710,0
10394,0
6604,0
10653,0
4193,0
11972,0
8087,0
15350,0
11178,0
5498,0
15842,0
16544,0
8064,0
4505,0
7642,0
12329,0
11833,0
16519,0
4276,0
877,0
14407,0
14544,0
3273,0
7402,0
2771,0
4170,0
6580,0
5286,0
4646,0
852,0
7942,0
13599,0
11416,0
11466,0
12685,0
4188,0
13833,0
16701,0
5705,0
15289,0
3192,0
12608,0
15717,0
10634,0
5562,0
10798,0
12029,0
16161,0
11857,0
10063,0
13883,0
7631,0
11291,0
2418,0
6568,0
2334,0
12340,0
13009,0
5404,0
2401,0
8178,0
2045,0
2552,0
10866,0
11223,0
17036,0
15874,0
13741,0
4780,0
2902,0
6495,0
10081,0
12997,0
10377,0
6374,0
822,0
1512,0
11242,0
4469,0
14619,0
2775,0
15996,0
12622,0
16745,0
7962,0
7374,0
15453,0
14414,0
1515,0
5072,0
1818,0
16158,0
2062,0
14980,0
10420,0
9875,0
12486,0
4266,0
3438,0
7595,0
4749,0
2534,0
11384,0
7670,0
10871,0
10166,0
4223,0
12423,0
13493,0
10489,0
16038,0
6016,0
15291,0
4115,0
1807,0
4337,0
12165,0
15715,0
14174,0
12866,0
14402,0
16586,0
16407,0
14171,0
13384,0
7596,0
5200,0
16872,0
11782,0
1073,0
3999,0
16293,0
11615,0
2986,0
3649,0
12135,0
1018,0
10236,0
8160,0
15804,0
16898,0
5085,0
6003,0
6630,0
8183,0
1798,0
2880,0
4809,0
12469,0
15970,0
15855,0
14084,0
2189,0
1893,0
6515,0
12361,0
16991,0
14225,0
12499,0
6087,0
12246,0
10603,0
16302,0
16798,0
15982,0
12835,0
11309,0
15654,0
13179,0
7253,0
5195,0
15304,0
9870,0
8063,0
2358,0
3966,0
16140,0
12450,0
5151,0
7267,0
4359,0
4504,0
6876,0
1535,0
10560,0
1663,0
12105,0
5788,0
6700,0
4203,0
1109,0
4494,0
13609,0
1673,0
11748,0
5871,0
3531,0
2823,0
15394,0
7213,0
7184,0
13763,0
16778,0
6058,0
13244,0
16617,0
2877,0
6609,0
1389,0
6333,0
12914,0
4653,0
5602,0
16833,0
12897,0
2825,0
7474,0
3033,0
13605,0
3709,0
15956,0
10662,0
7712,0
15673,0
1152,0
1708,0
13480,0
3657,0
10576,0
13303,0
2469,0
969,0
15570,0
5456,0
10096,0
13885,0
7264,0
5827,0
9947,0
3761,0
10232,0
14900,0
7933,0
15652,0
10964,0
16987,0
3265,0
16645,0
17049,0
6579,0
11849,0
9881,0
15063,0
3962,0
15610,0
1840,0
2235,0
1101,0
16806,0
3679,0
2256,0
16619,0
997,0
11253,0
6452,0
11550,0
5396,0
2654,0
7726,0
10729,0
13197,0
3881,0
15161,0
2995,0
12382,0
3403,0
13028,0
3822,0
12378,0
16512,0
10800,0
10216,0
12286,0
7884,0
12168,0
14256,0
11678,0
11943,0
5947,0
10198,0
11366,0
8022,0
4324,0
11629,0
3556,0
11511,0
1770,0
7212,0
4779,0
12972,0
11300,0
6900,0
2293,0
11269,0
11626,0
14527,0
12451,0
10437,0
3765,0
3874,0
7875,0
15679,0
7004,0
2730,0
13581,0
3075,0
14782,0
3095,0
7602,0
3102,0
13971,0
16328,0
11285,0
10954,0
1516,0
1517,0
12975,0
1756,0
10497,0
11382,0
16101,0
5570,0
2793,0
3820,0
4055,0
7129,0
13784,0
12582,0
6563,0
6279,0
4312,0
5635,0
4142,0
13547,0
7370,0
3413,0
10163,0
4682,0
15211,0
11226,0
13116,0
4166,0
2000,0
11448,0
1715,0
16254,0
16425,0
1887,0
11850,0
11413,0
4863,0
7780,0
13174,0
2170,0
12338,0
12805,0
13162,0
3825,0
1863,0
12070,0
1788,0
3169,0
16106,0
4601,0
10230,0
14769,0
5094,0
14032,0
4513,0
3143,0
15381,0
4995,0
16003,0
6643,0
2615,0
6045,0
1329,0
3440,0
9754,0
1829,0
2335,0
15816,0
4854,0
13369,0
1794,0
14762,0
13973,0
12277,0
1431,0
13171,0
15737,0
15198,0
6367,0
16929,0
15124,0
10299,0
6085,0
2719,0
14363,0
4364,0
12230,0
15000,0
8092,0
11668,0
2297,0
11389,0
7456,0
1940,0
5629,0
2210,0
13775,0
4633,0
12222,0
11207,0
16572,0
12107,0
2621,0
16779,0
2087,0
11013,0
14196,0
8070,0
4555,0
5702,0
4960,0
6597,0
12245,0
1176,0
4363,0
1310,0
3260,0
10315,0
3201,0
1526,0
14433,0
11450,0
12910,0
1768,0
14970,0
16023,0
14093,0
15154,0
15448,0
2510,0
4648,0
4810,0
10915,0
3010,0
3418,0
12998,0
16103,0
6638,0
14712,0
6730,0
11465,0
8053,0
7144,0
2950,0
16715,0
11102,0
14224,0
10155,0
12782,0
3030,0
10275,0
7131,0
16933,0
3255,0
9849,0
4379,0
10587,0
10141,0
3331,0
16020,0
3842,0
12654,0
2403,0
5165,0
6803,0
6099,0
12957,0
9907,0
11054,0
7630,0
3707,0
11241,0
1433,0
6478,0
6649,0
6534,0
7275,0
1662,0
14098,0
16517,0
3271,0
12987,0
14203,0
3632,0
1706,0
3371,0
16424,0
5873,0
11147,0
6466,0
13017,0
10373,0
2332,0
10008,0
7705,0
3405,0
7873,0
11198,0
9694,0
1133,0
4103,0
13300,0
13011,0
2434,0
2603,0
7924,0
9980,0
2911,0
3281,0
12781,0
6332,0
13622,0
2317,0
1162,0
11817,0
3450,0
4804,0
1477,0
7869,0
12722,0
13176,0
9913,0
12083,0
14244,0
5012,0
4104,0
14990,0
14589,0
2767,0
5542,0
13485,0
14109,0
15327,0
14154,0
16306,0
16219,0
14460,0
15524,0
14601,0
817,0
1644,0
13071,0
10241,0
16672,0
12156,0
10567,0
6234,0
13604,0
10676,0
3128,0
10045,0
12133,0
7214,0
4618,0
16338,0
2220,0
15562,0
13593,0
13020,0
13591,0
4339,0
13464,0
4763,0
12916,0
5677,0
3678,0
8129,0
869,0
5259,0
1356,0
3951,0
6139,0
4869,0
3964,0
16910,0
1543,0
13522,0
3363,0
3311,0
15955,0
2404,0
11334,0
10541,0
4903,0
5205,0
5451,0
9750,0
1800,0
13044,0
12775,0
6390,0
10898,0
15371,0
5799,0
9744,0
16248,0
1062,0
15035,0
7210,0
12921,0
4492,0
15271,0
5408,0
10350,0
2448,0
13040,0
6812,0
7784,0
5821,0
16944,0
13521,0
11905,0
14917,0
7574,0
14660,0
11651,0
13262,0
15226,0
2629,0
13472,0
1312,0
14228,0
6814,0
15915,0
16670,0
3516,0
13658,0
835,0
7079,0
3284,0
12817,0
11190,0
13368,0
16577,0
11663,0
11278,0
1432,0
5241,0
2103,0
16240,0
11168,0
7946,0
14702,0
4196,0
14870,0
2339,0
10152,0
2878,0
15792,0
4076,0
1892,0
11509,0
7862,0
4199,0
5994,0
3522,0
15789,0
2133,0
3511,0
5148,0
12075,0
1518,0
12362,0
12684,0
9778,0
1166,0
7652,0
5987,0
1918,0
14400,0
13735,0
2443,0
11078,0
2516,0
6128,0
3339,0
2781,0
6245,0
14293,0
5778,0
5803,0
11135,0
10070,0
12891,0
10010,0
13312,0
10517,0
13671,0
2650,0
2708,0
8061,0
11096,0
7211,0
11189,0
8144,0
906,0
4218,0
10374,0
7047,0
11908,0
3077,0
5422,0
5672,0
13976,0
14009,0
16072,0
15136,0
7691,0
11981,0
15330,0
7849,0
3455,0
11050,0
2102,0
16522,0
11071,0
15969,0
3684,0
15407,0
6567,0
3519,0
7116,0
5313,0
13642,0
14962,0
11520,0
4244,0
7027,0
6996,0
5494,0
10775,0
3352,0
8054,0
16727,0
12185,0
3161,0
1417,0
12346,0
12241,0
14882,0
3640,0
5169,0
994,0
9905,0
16071,0
4106,0
4261,0
11959,0
11722,0
1642,0
3724,0
2676,0
3248,0
6929,0
2423,0
2253,0
10205,0
1296,0
1694,0
10440,0
11742,0
11461,0
4839,0
11248,0
11954,0
5055,0
4394,0
2211,0
13112,0
17025,0
820,0
12904,0
10447,0
16642,0
7364,0
4861,0
14545,0
8174,0
3025,0
11017,0
5870,0
12884,0
16635,0
1639,0
3206,0
13857,0
5563,0
3179,0
5586,0
8176,0
2114,0
12696,0
1579,0
11610,0
10799,0
10224,0
3359,0
3121,0
7895,0
7058,0
12405,0
4947,0
12618,0
2046,0
6285,0
14452,0
14217,0
14211,0
9876,0
1009,0
6457,0
6346,0
16490,0
5398,0
8175,0
15216,0
3775,0
10178,0
6506,0
7118,0
13457,0
13286,0
13586,0
10428,0
6903,0
15674,0
6319,0
1841,0
4819,0
12903,0
14813,0
15009,0
6791,0
5886,0
11203,0
1275,0
12681,0
13615,0
10708,0
12761,0
11864,0
7408,0
4065,0
15447,0
11712,0
10200,0
1860,0
8103,0
10645,0
14536,0
2346,0
5847,0
6138,0
13306,0
4632,0
6355,0
6323,0
11091,0
3140,0
12102,0
3467,0
2844,0
12335,0
9691,0
3827,0
1722,0
7091,0
14117,0
15088,0
2481,0
12620,0
15186,0
7120,0
5335,0
10765,0
5643,0
4382,0
3980,0
10340,0
2609,0
7035,0
14667,0
13490,0
14136,0
7222,0
14735,0
2798,0
1436,0
7598,0
3315,0
14943,0
7692,0
5430,0
4147,0
9903,0
5308,0
14143,0
10495,0
5260,0
12204,0
12644,0
11831,0
15097,0
14354,0
11421,0
16690,0
16691,0
4107,0
2925,0
5731,0
13274,0
12027,0
3750,0
3398,0
14486,0
13225,0
3267,0
903,0
9695,0
11328,0
1001,0
16055,0
1294,0
2507,0
13285,0
1230,0
3655,0
5678,0
12610,0
7708,0
16267,0
5593,0
13186,0
13595,0
12345,0
16449,0
4135,0
12258,0
13678,0
9929,0
15183,0
4488,0
13280,0
6637,0
13275,0
15205,0
16574,0
5584,0
16372,0
5177,0
15045,0
3904,0
11539,0
4602,0
13551,0
8059,0
13120,0
5608,0
2539,0
13373,0
15283,0
1649,0
4403,0
7078,0
14698,0
10649,0
14599,0
14371,0
11263,0
1481,0
1491,0
11577,0
16986,0
13828,0
4906,0
8030,0
3994,0
10911,0
13123,0
4615,0
15106,0
9846,0
11327,0
15921,0
6524,0
7287,0
15807,0
13848,0
12960,0
4525,0
14646,0
6941,0
12920,0
6888,0
14929,0
6740,0
1525,0
6278,0
3454,0
11682,0
1552,0
1304,0
15794,0
1759,0
4048,0
13632,0
7021,0
1827,0
5927,0
4540,0
3646,0
3318,0
15635,0
9853,0
10941,0
15180,0
3356,0
5160,0
7132,0
5292,0
15670,0
4651,0
2430,0
11937,0
4506,0
6654,0
9887,0
12309,0
3246,0
6829,0
10601,0
14202,0
5082,0
12813,0
15177,0
15841,0
10876,0
15310,0
7660,0
10135,0
14564,0
2862,0
12870,0
14014,0
1857,0
3020,0
3872,0
16209,0
10805,0
12913,0
4204,0
3198,0
9798,0
1414,0
4626,0
12747,0
10279,0
3603,0
7641,0
3027,0
13420,0
13518,0
4799,0
5349,0
966,0
5583,0
7025,0
13359,0
6475,0
10851,0
13716,0
10051,0
12579,0
13835,0
16895,0
16384,0
11151,0
11092,0
983,0
12491,0
1374,0
4137,0
933,0
8182,0
14639,0
1528,0
12014,0
12652,0
1276,0
11211,0
5587,0
10719,0
16305,0
15937,0
6539,0
11903,0
4699,0
5632,0
15196,0
13795,0
12715,0
7041,0
12662,0
5786,0
1335,0
5527,0
13419,0
16059,0
3063,0
14983,0
959,0
3130,0
2970,0
2907,0
7977,0
13396,0
2978,0
16448,0
5387,0
12036,0
2258,0
13725,0
7046,0
2499,0
1851,0
12282,0
14181,0
14981,0
4301,0
12124,0
6424,0
5972,0
14974,0
15846,0
11498,0
1874,0
11287,0
4747,0
3622,0
11970,0
6634,0
5229,0
2626,0
4803,0
6118,0
3494,0
5797,0
14267,0
7690,0
12558,0
5056,0
6797,0
15634,0
5301,0
1046,0
11823,0
14269,0
3379,0
2126,0
12089,0
16570,0
4072,0
3336,0
1147,0
11335,0
3237,0
11830,0
7887,0
831,0
4503,0
1742,0
5407,0
6025,0
4129,0
3289,0
4044,0
13780,0
1850,0
6385,0
6646,0
12433,0
11916,0
15872,0
13718,0
14865,0
11230,0
14554,0
1328,0
980,0
12255,0
12250,0
10266,0
11020,0
6709,0
10940,0
2601,0
5541,0
10826,0
10172,0
16809,0
1204,0
6454,0
3190,0
10973,0
15840,0
2954,0
9977,0
15398,0
12994,0
11711,0
16553,0
7544,0
12930,0
15918,0
2196,0
4681,0
4485,0
13036,0
14849,0
5024,0
15783,0
10832,0
4372,0
1410,0
16466,0
6548,0
5888,0
14462,0
1629,0
13094,0
12166,0
14389,0
2892,0
14848,0
4675,0
1779,0
6907,0
3324,0
7217,0
14751,0
993,0
5894,0
1838,0
2731,0
13259,0
6653,0
6961,0
4713,0
14890,0
5538,0
2420,0
11150,0
5413,0
16977,0
5343,0
15229,0
15054,0
1248,0
10589,0
6790,0
5693,0
9831,0
1144,0
16989,0
3854,0
1583,0
12598,0
14385,0
11558,0
11296,0
16077,0
6531,0
14588,0
14148,0
14320,0
6511,0
16478,0
6014,0
15697,0
14814,0
3228,0
1392,0
12944,0
15924,0
2701,0
3624,0
12605,0
12363,0
6949,0
15230,0
9921,0
6762,0
1605,0
6148,0
7356,0
3270,0
3760,0
5679,0
6090,0
16583,0
15967,0
6364,0
11418,0
12402,0
3275,0
12856,0
16781,0
1514,0
15363,0
16437,0
9765,0
3177,0
15665,0
15338,0
1373,0
5621,0
9866,0
10246,0
4956,0
3183,0
11162,0
4105,0
5820,0
6179,0
13694,0
1243,0
16432,0
4674,0
16830,0
1945,0
13830,0
2025,0
14017,0
11635,0
15728,0
13137,0
16422,0
1369,0
12482,0
12616,0
7556,0
5842,0
16964,0
5081,0
2136,0
3433,0
3534,0
7325,0
6338,0
5060,0
4759,0
2287,0
16445,0
3568,0
1823,0
1469,0
5615,0
16508,0
7323,0
3544,0
4849,0
2583,0
3934,0
5553,0
6943,0
4878,0
2410,0
7002,0
2977,0
16141,0
11945,0
13297,0
6935,0
14753,0
5536,0
6826,0
1842,0
6487,0
1426,0
14081,0
2792,0
16847,0
1492,0
16405,0
14950,0
9757,0
2250,0
5558,0
2426,0
15770,0
5881,0
10102,0
5250,0
16178,0
10429,0
16028,0
16345,0
6494,0
10623,0
1146,0
15439,0
10688,0
8048,0
11547,0
12570,0
2703,0
15225,0
1316,0
12284,0
15762,0
10993,0
14235,0
5271,0
8104,0
13272,0
7685,0
4971,0
6810,0
16521,0
14632,0
9764,0
13209,0
1350,0
2992,0
11526,0
3807,0
15494,0
11067,0
12787,0
7380,0
12201,0
13965,0
3159,0
3690,0
16344,0
16769,0
13742,0
1530,0
13770,0
16123,0
12587,0
4446,0
9856,0
1053,0
12434,0
14995,0
14141,0
11967,0
4588,0
14378,0
14910,0
1593,0
6223,0
7746,0
4708,0
1902,0
2033,0
14967,0
7160,0
16011,0
3599,0
1915,0
13308,0
15809,0
2688,0
5777,0
1249,0
1190,0
16307,0
7575,0
7956,0
2704,0
7476,0
6094,0
7546,0
2551,0
6240,0
10919,0
16863,0
1180,0
11697,0
6265,0
1454,0
15422,0
4234,0
10179,0
3880,0
15998,0
1930,0
12753,0
4757,0
13866,0
6031,0
14021,0
13455,0
6678,0
13258,0
15989,0
5496,0
11800,0
967,0
14175,0
13948,0
2761,0
14395,0
1870,0
4523,0
10463,0
16754,0
15077,0
5433,0
16149,0
3078,0
15978,0
9916,0
7468,0
2015,0
9910,0
2543,0
3794,0
5791,0
11325,0
1625,0
13134,0
8031,0
14725,0
10268,0
10142,0
5843,0
1786,0
15959,0
2670,0
15994,0
11426,0
7006,0
1561,0
4629,0
12588,0
11819,0
6510,0
11087,0
3861,0
7908,0
15094,0
11379,0
5244,0
13291,0
9707,0
11832,0
6154,0
970,0
6768,0
1070,0
3852,0
6748,0
2772,0
11752,0
4740,0
14775,0
7527,0
7610,0
6201,0
1033,0
2139,0
2399,0
5350,0
12081,0
16132,0
6401,0
9895,0
11298,0
1520,0
1595,0
4968,0
5649,0
3985,0
10310,0
11103,0
4925,0
12875,0
5718,0
4191,0
15051,0
5833,0
1420,0
5929,0
12332,0
12069,0
5578,0
6938,0
13392,0
13243,0
15587,0
7127,0
6219,0
1390,0
4643,0
16752,0
5140,0
5549,0
872,0
15123,0
15387,0
1700,0
9917,0
11062,0
12375,0
5968,0
3517,0
14801,0
4888,0
16600,0
853,0
2806,0
10852,0
1591,0
13526,0
6406,0
3243,0
2645,0
3982,0
7247,0
16843,0
12007,0
7892,0
15776,0
6652,0
13435,0
11047,0
3166,0
6529,0
14838,0
1653,0
13651,0
7330,0
2667,0
7897,0
15954,0
12651,0
13812,0
11914,0
11630,0
6378,0
11924,0
7409,0
10100,0
5914,0
11284,0
2527,0
6881,0
15555,0
11843,0
5459,0
4762,0
4472,0
15468,0
1462,0
11505,0
15803,0
13946,0
14351,0
1448,0
2872,0
1844,0
7362,0
16735,0
14319,0
2953,0
10369,0
4727,0
15438,0
5111,0
15930,0
7143,0
13902,0
10684,0
4738,0
13761,0
10598,0
14994,0
1686,0
6686,0
1345,0
10672,0
17043,0
4953,0
6184,0
2052,0
16796,0
5005,0
5274,0
13635,0
12238,0
11556,0
1339,0
13163,0
6589,0
7500,0
4483,0
4332,0
11244,0
15568,0
7265,0
12873,0
11875,0
7152,0
12710,0
11627,0
6566,0
13033,0
11463,0
6822,0
3043,0
14451,0
5840,0
8168,0
2984,0
8071,0
892,0
5626,0
9926,0
5487,0
3471,0
11447,0
3485,0
6080,0
13931,0
5581,0
3594,0
5039,0
6352,0
14896,0
985,0
13539,0
16205,0
4453,0
17045,0
13945,0
16341,0
6928,0
14104,0
14422,0
13977,0
2497,0
11089,0
4311,0
12804,0
10319,0
10926,0
11016,0
5674,0
3419,0
10944,0
7507,0
6126,0
9756,0
10460,0
7292,0
1811,0
2821,0
11209,0
5298,0
13633,0
11365,0
14614,0
1855,0
2679,0
7252,0
1973,0
4278,0
6357,0
6197,0
6491,0
10215,0
1970,0
13578,0
5048,0
4959,0
12262,0
1305,0
3991,0
2828,0
15412,0
16388,0
11788,0
9951,0
6676,0
12911,0
15896,0
3377,0
4423,0
883,0
13637,0
11469,0
10291,0
15145,0
14233,0
7686,0
12628,0
12497,0
15221,0
4163,0
14521,0
3532,0
7778,0
13916,0
13620,0
13942,0
5660,0
6468,0
10610,0
11597,0
7752,0
16294,0
6898,0
12367,0
16039,0
12969,0
14077,0
13409,0
7469,0
14555,0
7880,0
4253,0
15377,0
14825,0
12751,0
4315,0
11762,0
16173,0
7042,0
5716,0
2737,0
1587,0
10293,0
10646,0
4167,0
1002,0
4576,0
11667,0
10131,0
11443,0
6901,0
16665,0
14610,0
15871,0
4585,0
954,0
6703,0
16772,0
13790,0
4748,0
10769,0
14913,0
8110,0
10092,0
9972,0
3262,0
4050,0
14842,0
14047,0
5913,0
15772,0
13253,0
15660,0
14357,0
1584,0
7044,0
2417,0
3187,0
3846,0
13414,0
14658,0
3728,0
13180,0
7019,0
16740,0
16162,0
12955,0
6053,0
15678,0
1215,0
11640,0
13098,0
7689,0
10018,0
7639,0
6577,0
2820,0
1651,0
16392,0
13489,0
7481,0
2352,0
12051,0
13995,0
16877,0
10889,0
12117,0
3552,0
4876,0
10207,0
1205,0
13787,0
10922,0
16840,0
12199,0
10426,0
4404,0
5049,0
16643,0
1029,0
12825,0
4471,0
11657,0
4932,0
14442,0
6398,0
5158,0
907,0
10812,0
2791,0
2987,0
15424,0
7354,0
1601,0
7361,0
4694,0
5295,0
4275,0
13875,0
14533,0
2029,0
16656,0
2080,0
11925,0
4240,0
11708,0
4954,0
7228,0
2795,0
12495,0
15726,0
1903,0
6296,0
2908,0
2962,0
16832,0
6598,0
12607,0
7671,0
6048,0
4435,0
16044,0
4293,0
6320,0
14092,0
10122,0
16244,0
10739,0
13908,0
16041,0
2100,0
5683,0
2019,0
12624,0
10117,0
14057,0
10137,0
7952,0
12059,0
13508,0
16314,0
3213,0
13699,0
12888,0
14443,0
3103,0
12235,0
5067,0
7154,0
15091,0
7406,0
15493,0
7940,0
12209,0
4508,0
5277,0
3389,0
11065,0
10455,0
7365,0
13909,0
1571,0
2718,0
884,0
15518,0
7282,0
2183,0
13187,0
16155,0
15108,0
4659,0
10049,0
7309,0
3118,0
7394,0
16043,0
13654,0
5997,0
15887,0
10267,0
6173,0
13320,0
10057,0
13092,0
16263,0
16934,0
15366,0
10771,0
4778,0
1682,0
10535,0
15668,0
12991,0
10841,0
10683,0
3361,0
13139,0
6412,0
6848,0
4121,0
2440,0
4258,0
11352,0
2437,0
15056,0
2608,0
2803,0
1074,0
11272,0
7572,0
1191,0
2680,0
15432,0
14960,0
16756,0
13888,0
2152,0
16370,0
16433,0
10149,0
12945,0
2129,0
4401,0
10026,0
4774,0
11372,0
12973,0
13398,0
10751,0
7502,0
8127,0
4923,0
14876,0
12803,0
10164,0
16138,0
4316,0
858,0
13152,0
16607,0
5701,0
16794,0
4924,0
5470,0
5952,0
15818,0
15246,0
5453,0
12078,0
6533,0
6055,0
15313,0
17023,0
2943,0
1987,0
6696,0
7804,0
11839,0
1914,0
14575,0
1368,0
7790,0
15890,0
5179,0
2681,0
10901,0
6337,0
7536,0
13215,0
1921,0
6519,0
4371,0
14201,0
5150,0
12546,0
4596,0
10133,0
12844,0
10329,0
3537,0
3110,0
16193,0
14044,0
12793,0
7092,0
6639,0
15367,0
1422,0
4294,0
10032,0
14191,0
14475,0
13981,0
12108,0
16524,0
3784,0
11732,0
5099,0
12068,0
10111,0
7524,0
14518,0
2931,0
3094,0
12874,0
14036,0
13844,0
7340,0
848,0
13473,0
2232,0
15218,0
12319,0
15546,0
6028,0
10208,0
13584,0
14903,0
2110,0
15140,0
14940,0
7839,0
12745,0
7526,0
6512,0
13193,0
1303,0
1467,0
15669,0
16444,0
2702,0
1503,0
3301,0
3287,0
935,0
10365,0
6537,0
13469,0
2687,0
4962,0
13702,0
10548,0
10707,0
15012,0
5485,0
11533,0
889,0
12155,0
7803,0
7029,0
7593,0
7611,0
14178,0
13528,0
3294,0
5142,0
16550,0
11576,0
1138,0
17018,0
10227,0
13404,0
5630,0
11650,0
6514,0
5391,0
14472,0
3996,0
14920,0
4930,0
10656,0
11486,0
4156,0
3802,0
4850,0
1647,0
12347,0
11146,0
10990,0
15019,0
15942,0
5910,0
13322,0
4598,0
9806,0
12376,0
13777,0
7535,0
3589,0
4148,0
15936,0
12442,0
10577,0
4130,0
13614,0
16220,0
10402,0
14243,0
6642,0
4155,0
3935,0
11596,0
1553,0
5224,0
16688,0
7153,0
2976,0
3299,0
1168,0
5767,0
8033,0
16854,0
13720,0
12896,0
1478,0
13395,0
6455,0
8136,0
973,0
9963,0
15625,0
11884,0
6109,0
12031,0
3090,0
2267,0
6836,0
2760,0
2973,0
10555,0
11074,0
2517,0
6363,0
15682,0
9978,0
16559,0
5995,0
7444,0
6522,0
15485,0
9880,0
14103,0
7251,0
12188,0
10764,0
14765,0
894,0
3220,0
11538,0
1656,0
15699,0
7531,0
16632,0
6556,0
15334,0
11116,0
13854,0
3813,0
15018,0
14859,0
6426,0
13935,0
16218,0
10002,0
16231,0
5502,0
16901,0
1575,0
3484,0
4823,0
10715,0
3927,0
12087,0
16136,0
818,0
16880,0
7329,0
14654,0
13628,0
5363,0
13405,0
2023,0
2815,0
9796,0
4194,0
4542,0
6358,0
12296,0
9934,0
12369,0
12983,0
7661,0
13934,0
8159,0
2394,0
11665,0
12169,0
2254,0
12404,0
7891,0
10818,0
10943,0
5475,0
2668,0
8017,0
1655,0
4761,0
15026,0
5254,0
15609,0
12822,0
1954,0
5941,0
6464,0
14327,0
15732,0
4263,0
11212,0
4608,0
10533,0
6777,0
15359,0
3285,0
875,0
7313,0
1540,0
1438,0
11308,0
11705,0
14958,0
7422,0
5647,0
3044,0
12841,0
4075,0
7130,0
5534,0
9855,0
15906,0
13818,0
3365,0
7914,0
4984,0
10605,0
11757,0
8115,0
3349,0
10316,0
5108,0
13228,0
7150,0
13350,0
4921,0
1905,0
15815,0
11816,0
2581,0
16527,0
7391,0
3013,0
12941,0
14936,0
1214,0
6647,0
9746,0
14230,0
16090,0
6815,0
10296,0
15357,0
3233,0
12305,0
3052,0
15047,0
15245,0
3479,0
5089,0
6559,0
1704,0
11904,0
12539,0
3174,0
2661,0
15293,0
979,0
9956,0
4270,0
9860,0
3767,0
5582,0
3503,0
14128,0
1025,0
1767,0
7147,0
14164,0
5664,0
2065,0
11706,0
2165,0
5925,0
13659,0
10027,0
6399,0
5076,0
17051,0
11412,0
9950,0
6950,0
6931,0
13337,0
12864,0
11870,0
1955,0
10847,0
17040,0
5540,0
6147,0
7982,0
15021,0
1172,0
15723,0
10280,0
3223,0
15858,0
15129,0
15892,0
6141,0
5934,0
15258,0
6243,0
15254,0
14428,0
4000,0
11123,0
8058,0
4880,0
2266,0
8132,0
7023,0
13440,0
1175,0
4217,0
11001,0
11277,0
7173,0
14416,0
13451,0
2913,0
5812,0
16006,0
16382,0
16961,0
15642,0
15078,0
1306,0
6460,0
10674,0
5670,0
3972,0
11619,0
855,0
16110,0
7665,0
9782,0
8072,0
10506,0
3084,0
2525,0
15786,0
5261,0
16970,0
12868,0
5392,0
4715,0
13016,0
16920,0
4043,0
11069,0
7007,0
15740,0
5189,0
15698,0
11024,0
11973,0
16387,0
14982,0
14602,0
7624,0
5721,0
15329,0
16532,0
6171,0
13893,0
13256,0
5991,0
10161,0
6593,0
6755,0
10558,0
15294,0
16063,0
11470,0
4298,0
13024,0
2993,0
2422,0
13874,0
10968,0
5399,0
2785,0
7123,0
15691,0
13417,0
14892,0
10580,0
10537,0
6082,0
10125,0
4793,0
1765,0
9708,0
13606,0
7363,0
14655,0
10461,0
11524,0
14058,0
12024,0
6530,0
11553,0
10650,0
13399,0
14745,0
16252,0
13962,0
11677,0
9908,0
6615,0
6470,0
4020,0
4843,0
10483,0
14581,0
1487,0
13903,0
13376,0
5857,0
4241,0
17026,0
7917,0
13260,0
10648,0
15176,0
16159,0
13517,0
8062,0
3279,0
15561,0
5940,0
6932,0
11578,0
12814,0
12479,0
3856,0
16533,0
15134,0
11989,0
14652,0
14102,0
3056,0
10699,0
1119,0
6111,0
7745,0
13006,0
3771,0
10094,0
7912,0
12540,0
15730,0
1797,0
5548,0
13104,0
4303,0
4035,0
8001,0
10584,0
15166,0
3953,0
6835,0
14730,0
1290,0
14193,0
15266,0
13445,0
3637,0
8018,0
14064,0
14864,0
893,0
4920,0
16319,0
947,0
11990,0
3155,0
10608,0
1394,0
16903,0
6206,0
12656,0
10961,0
4662,0
16479,0
866,0
12420,0
1318,0
3298,0
4689,0
4865,0
13466,0
3211,0
15507,0
10052,0
10983,0
14182,0
16327,0
12189,0
11417,0
10914,0
10862,0
12721,0
5311,0
7322,0
16945,0
1523,0
9794,0
2336,0
14489,0
14828,0
6423,0
15212,0
16212,0
9752,0
11659,0
3288,0
10721,0
7762,0
10320,0
15866,0
7276,0
10078,0
13882,0
15349,0
13488,0
1606,0
4597,0
3326,0
12900,0
6501,0
3677,0
3941,0
13674,0
13235,0
5891,0
16681,0
15502,0
4325,0
7883,0
8149,0
1836,0
3946,0
15799,0
1132,0
15926,0
1125,0
13349,0
14657,0
16981,0
14321,0
5290,0
5353,0
7725,0
13389,0
1513,0
3791,0
2377,0
11293,0
8073,0
12366,0
12058,0
15479,0
5967,0
16907,0
9723,0
1522,0
5181,0
16052,0
3024,0
15340,0
5463,0
15782,0
12030,0
8085,0
10326,0
8060,0
4687,0
6799,0
3643,0
3114,0
1411,0
15491,0
9868,0
15481,0
3490,0
3960,0
5567,0
13336,0
2239,0
1495,0
12494,0
9936,0
6283,0
16644,0
11847,0
8046,0
2894,0
5043,0
7825,0
4157,0
10657,0
13207,0
15069,0
12261,0
14185,0
3719,0
15746,0
14803,0
15905,0
3210,0
3054,0
7864,0
1793,0
2313,0
6059,0
16680,0
11401,0
11420,0
11666,0
1869,0
10906,0
6144,0
4280,0
14397,0
2637,0
3580,0
15292,0
6204,0
7650,0
10086,0
4229,0
7579,0
16005,0
12726,0
1754,0
2625,0
10068,0
11220,0
10792,0
3249,0
3205,0
13257,0
5217,0
6705,0
5836,0
7441,0
6218,0
13430,0
2515,0
10768,0
2824,0
16030,0
5473,0
7115,0
6362,0
14115,0
15152,0
15992,0
15207,0
4320,0
7684,0
11796,0
13756,0
1161,0
4449,0
15983,0
16119,0
6667,0
3404,0
16919,0
15240,0
4623,0
2491,0
12680,0
2864,0
6448,0
9920,0
6554,0
12447,0
14977,0
6596,0
15388,0
4683,0
12509,0
6418,0
13710,0
5856,0
15005,0
6023,0
3713,0
10718,0
13890,0
13537,0
13913,0
3126,0
3798,0
1240,0
11848,0
11802,0
14339,0
13692,0
16611,0
11946,0
13041,0
12318,0
16042,0
15877,0
15488,0
15061,0
1437,0
7591,0
1730,0
7995,0
11623,0
6952,0
16440,0
1497,0
14733,0
3590,0
8014,0
3567,0
7843,0
5969,0
7162,0
5971,0
13577,0
4456,0
3668,0
6479,0
2554,0
16333,0
3446,0
4367,0
2832,0
9728,0
6775,0
11537,0
14255,0
15104,0
14313,0
15515,0
12631,0
11313,0
8015,0
1564,0
2765,0
5535,0
3898,0
2964,0
4132,0
3232,0
1712,0
5727,0
10324,0
15351,0
7601,0
13607,0
16230,0
6896,0
7857,0
11258,0
13273,0
3973,0
5352,0
4165,0
1278,0
4680,0
7760,0
14856,0
3607,0
13569,0
12400,0
3395,0
4078,0
11766,0
12949,0
12908,0
6570,0
5110,0
4427,0
10930,0
13311,0
4584,0
9813,0
13270,0
2112,0
7858,0
7586,0
7901,0
13683,0
14208,0
13353,0
6840,0
15311,0
3561,0
14053,0
7090,0
5544,0
14741,0
6851,0
1791,0
13552,0
11622,0
5638,0
17028,0
3914,0
5431,0
16350,0
4025,0
7738,0
16683,0
4847,0
11876,0
7747,0
11323,0
10308,0
15523,0
3137,0
7696,0
12617,0
11101,0
1091,0
7577,0
13686,0
15500,0
2077,0
1207,0
4081,0
11471,0
16839,0
7984,0
5519,0
2684,0
13688,0
2955,0
14789,0
3360,0
12348,0
9777,0
3948,0
15383,0
3614,0
11219,0
2061,0
829,0
4706,0
10680,0
15988,0
16391,0
5699,0
5769,0
1470,0
2845,0
15836,0
8116,0
2483,0
4673,0
3536,0
5023,0
10732,0
3062,0
6743,0
12795,0
3860,0
10433,0
14108,0
16304,0
13371,0
5454,0
7973,0
15242,0
9873,0
12784,0
8008,0
13858,0
13843,0
14868,0
13051,0
1282,0
16905,0
15128,0
13427,0
7208,0
13531,0
14471,0
5636,0
15346,0
12115,0
14485,0
9948,0
15194,0
7434,0
14035,0
13693,0
3731,0
12779,0
3456,0
3542,0
11999,0
15487,0
10740,0
12088,0
10647,0
5154,0
14274,0
16097,0
6110,0
1449,0
7230,0
16543,0
11917,0
14542,0
6134,0
5780,0
13089,0
5521,0
8042,0
2203,0
4349,0
2282,0
1220,0
7868,0
15331,0
4474,0
11376,0
11377,0
814,0
2097,0
7622,0
3247,0
11153,0
12619,0
6569,0
5884,0
10869,0
16935,0
15857,0
2316,0
1380,0
12647,0
7552,0
12789,0
7931,0
14070,0
2310,0
10156,0
11799,0
11811,0
6811,0
10912,0
13271,0
8118,0
7900,0
4546,0
4073,0
5119,0
7225,0
16256,0
1250,0
3835,0
2108,0
975,0
12225,0
5781,0
7567,0
15149,0
14497,0
15076,0
6316,0
12650,0
2419,0
6865,0
1623,0
3623,0
10557,0
3906,0
11749,0
7145,0
2411,0
16693,0
14923,0
5285,0
13919,0
12671,0
11806,0
5751,0
10879,0
17052,0
2903,0
10942,0
11390,0
12082,0
13524,0
2303,0
3152,0
12918,0
2074,0
5720,0
3694,0
12026,0
1124,0
11429,0
3065,0
16516,0
14648,0
2274,0
13739,0
12154,0
14869,0
1919,0
5564,0
6484,0
2051,0
5978,0
14549,0
13352,0
1375,0
11895,0
4732,0
13968,0
3528,0
8147,0
16145,0
5198,0
10725,0
15147,0
11458,0
1821,0
11840,0
3412,0
7675,0
4557,0
5209,0
15831,0
5109,0
1774,0
2032,0
2148,0
13502,0
3883,0
10480,0
1719,0
4919,0
11344,0
12257,0
2830,0
5931,0
13732,0
3644,0
5983,0
6758,0
1550,0
12783,0
1155,0
846,0
10335,0
2242,0
7194,0
11478,0
2008,0
16289,0
812,0
1790,0
938,0
1315,0
15185,0
7638,0
4744,0
7216,0
1747,0
4985,0
14283,0
5041,0
10186,0
7016,0
12808,0
11604,0
7581,0
3545,0
1772,0
2897,0
6233,0
1942,0
10388,0
1977,0
10720,0
950,0
10981,0
16560,0
5962,0
6828,0
5504,0
14112,0
4663,0
17050,0
5554,0
4696,0
14281,0
7834,0
2916,0
13317,0
11923,0
12212,0
6665,0
11688,0
4901,0
4677,0
2528,0
14539,0
6127,0
5598,0
4690,0
3303,0
13468,0
12727,0
2673,0
6400,0
15001,0
6607,0
7284,0
15420,0
13035,0
14823,0
16197,0
4980,0
7629,0
4768,0
16966,0
2966,0
14697,0
6207,0
7270,0
16227,0
12350,0
11262,0
13994,0
3369,0
15086,0
7466,0
1332,0
13053,0
14278,0
15322,0
2918,0
5315,0
14370,0
2311,0
5524,0
12819,0
11188,0
10540,0
12926,0
3093,0
10188,0
11518,0
836,0
16360,0
13660,0
7281,0
7427,0
3830,0
13966,0
1458,0
15284,0
5480,0
11247,0
7455,0
15441,0
13164,0
15380,0
15437,0
15522,0
10752,0
4357,0
1950,0
7189,0
4892,0
11482,0
11148,0
8049,0
5385,0
10938,0
11555,0
4767,0
5747,0
10636,0
1030,0
15510,0
14677,0
2081,0
7539,0
12249,0
12144,0
12360,0
10878,0
11829,0
11403,0
6314,0
2138,0
3381,0
974,0
7990,0
15920,0
6492,0
15096,0
15659,0
13038,0
5427,0
11023,0
2593,0
12673,0
1979,0
11019,0
11984,0
1607,0
7728,0
1439,0
12632,0
7637,0
14218,0
5509,0
11051,0
14516,0
13562,0
12850,0
4402,0
14800,0
13343,0
13191,0
7163,0
17032,0
1810,0
6651,0
15347,0
12821,0
10887,0
15199,0
4378,0
10064,0
3059,0
2860,0
16318,0
7174,0
13684,0
5654,0
15604,0
1885,0
13450,0
5915,0
2257,0
861,0
11052,0
3513,0
15504,0
4136,0
12015,0
12562,0
10628,0
1831,0
7034,0
12768,0
5147,0
4961,0
12764,0
5601,0
10255,0
3620,0
1932,0
3439,0
12170,0
3048,0
3252,0
4252,0
1186,0
1739,0
11735,0
10759,0
1769,0
11733,0
14392,0
13974,0
14855,0
6998,0
918,0
5885,0
6181,0
7440,0
2425,0
13476,0
14559,0
9960,0
16882,0
12550,0
13964,0
10276,0
7523,0
5135,0
2582,0
10929,0
2236,0
3670,0
7032,0
10815,0
6966,0
10814,0
7800,0
7245,0
7193,0
1157,0
3754,0
9826,0
15369,0
5443,0
14105,0
2383,0
3460,0
12869,0
7461,0
1441,0
12541,0
15577,0
10194,0
13083,0
1164,0
1287,0
16024,0
16329,0
16821,0
7776,0
4089,0
16640,0
6585,0
7932,0
11894,0
14331,0
15376,0
9874,0
5029,0
12858,0
2698,0
2396,0
12384,0
15339,0
2690,0
14394,0
14638,0
5507,0
11118,0
7841,0
2402,0
4062,0
6382,0
7636,0
2529,0
1028,0
8066,0
4974,0
7191,0
5338,0
13148,0
3001,0
10896,0
15766,0
16526,0
4458,0
11297,0
1319,0
14195,0
3393,0
4493,0
16310,0
936,0
12741,0
10101,0
16995,0
14788,0
6565,0
13160,0
10145,0
4326,0
3538,0
7714,0
14675,0
10969,0
16923,0
15966,0
5467,0
9912,0
13236,0
5281,0
11570,0
6073,0
9810,0
7013,0
15800,0
5210,0
9955,0
7048,0
3727,0
10130,0
7220,0
15102,0
4405,0
2234,0
2705,0
15620,0
15946,0
16947,0
5096,0
5376,0
4010,0
15758,0
12879,0
11763,0
9793,0
3154,0
7218,0
3541,0
4970,0
1419,0
6244,0
1677,0
11643,0
3401,0
7108,0
16968,0
11110,0
1835,0
11217,0
7600,0
6832,0
5226,0
2145,0
5079,0
13918,0
14717,0
10574,0
13661,0
11745,0
7378,0
6657,0
1822,0
12689,0
13448,0
16460,0
14453,0
6948,0
7080,0
15139,0
10754,0
2879,0
12843,0
16584,0
8076,0
11926,0
14247,0
5620,0
3776,0
11260,0
14242,0
10797,0
13757,0
12422,0
8035,0
10415,0
10055,0
5717,0
12773,0
11731,0
5744,0
3642,0
16270,0
14029,0
14871,0
14048,0
16803,0
3844,0
14249,0
2285,0
12429,0
1568,0
14157,0
2811,0
13724,0
7771,0
2490,0
2365,0
5864,0
4833,0
15975,0
10925,0
8111,0
5425,0
4279,0
13012,0
4702,0
6612,0
4928,0
1298,0
2590,0
4502,0
4782,0
4385,0
12460,0
15364,0
3244,0
15916,0
2720,0
16732,0
12989,0
3540,0
4373,0
1508,0
7432,0
4308,0
12465,0
10148,0
7623,0
13023,0
5606,0
16186,0
12453,0
5858,0
1538,0
9987,0
1994,0
1875,0
2194,0
13115,0
6551,0
12725,0
12638,0
3346,0
15711,0
3016,0
16909,0
2597,0
14310,0
12523,0
16596,0
9989,0
12724,0
6786,0
8098,0
14624,0
6272,0
15675,0
7480,0
14613,0
12664,0
16551,0
12560,0
3596,0
2695,0
13049,0
1749,0
14096,0
12912,0
4826,0
11256,0
15738,0
13135,0
4938,0
7375,0
13583,0
2630,0
13701,0
6841,0
14043,0
5228,0
10211,0
15101,0
16418,0
4630,0
14664,0
10882,0
7649,0
15257,0
8016,0
2075,0
14696,0
10165,0
9763,0
3582,0
12865,0
13938,0
16349,0
10639,0
4213,0
15759,0
2147,0
11176,0
10749,0
13650,0
5964,0
1023,0
3113,0
6435,0
13879,0
11288,0
15079,0
13026,0
15716,0
15025,0
14609,0
15037,0
15645,0
3453,0
4250,0
12749,0
3162,0
13596,0
10865,0
8013,0
6020,0
13798,0
12275,0
12092,0
15591,0
2658,0
988,0
11479,0
14215,0
10132,0
4328,0
2921,0
2005,0
16824,0
14287,0
6481,0
15282,0
2565,0
12533,0
1784,0
1289,0
15459,0
15993,0
6508,0
7724,0
15119,0
3368,0
4477,0
12328,0
14889,0
1728,0
6308,0
14662,0
3082,0
10849,0
3569,0
10464,0
5378,0
3148,0
14798,0
2632,0
3083,0
5365,0
15163,0
10786,0
6625,0
7096,0
11316,0
15810,0
4628,0
6300,0
1351,0
11021,0
8139,0
10711,0
16734,0
14829,0
10056,0
11740,0
4439,0
13178,0
15768,0
2307,0
7707,0
13648,0
3146,0
16782,0
10652,0
16509,0
11303,0
16741,0
4095,0
14902,0
10322,0
5173,0
10024,0
6846,0
10989,0
5826,0
13821,0
4567,0
16703,0
6248,0
8107,0
3131,0
2280,0
6008,0
6782,0
15482,0
9976,0
10744,0
13791,0
1054,0
5865,0
14350,0
11331,0
15647,0
11280,0
11440,0
5490,0
17004,0
8130,0
10395,0
5577,0
3959,0
6242,0
5758,0
12586,0
11500,0
4397,0
5219,0
4692,0
13345,0
16765,0
3658,0
16228,0
15298,0
5149,0
3919,0
5402,0
7291,0
1095,0
2485,0
5141,0
5063,0
4149,0
16331,0
5557,0
826,0
4052,0
11882,0
6981,0
7453,0
5673,0
5597,0
4046,0
14270,0
1476,0
4061,0
7475,0
10770,0
1474,0
6605,0
6257,0
3548,0
5033,0
5278,0
11772,0
1120,0
1641,0
13385,0
4255,0
13877,0
15243,0
11378,0
7886,0
4419,0
2865,0
16738,0
4864,0
15747,0
5556,0
4302,0
7835,0
3372,0
10853,0
1947,0
10606,0
16313,0
6546,0
13481,0
2779,0
15601,0
10342,0
14268,0
7488,0
6162,0
2699,0
4750,0
942,0
1995,0
12621,0
7781,0
14894,0
1288,0
7501,0
14946,0
15867,0
2304,0
4131,0
9785,0
1646,0
952,0
14465,0
7522,0
5230,0
5889,0
3850,0
9792,0
5877,0
15863,0
15308,0
12690,0
14160,0
5815,0
16992,0
7786,0
11456,0
10445,0
14015,0
9882,0
5324,0
16237,0
1670,0
6203,0
4342,0
3817,0
12791,0
4840,0
2191,0
4425,0
2167,0
15395,0
10514,0
10633,0
11683,0
7283,0
12048,0
10004,0
4722,0
10700,0
11435,0
15769,0
5924,0
5908,0
15251,0
4815,0
5015,0
2875,0
9841,0
13394,0
5724,0
4187,0
1103,0
13198,0
7782,0
1342,0
10883,0
12114,0
1170,0
1126,0
14474,0
13387,0
4346,0
7355,0
14437,0
2433,0
10085,0
1879,0
3145,0
12535,0
1740,0
1336,0
12097,0
11798,0
12596,0
1507,0
6722,0
11483,0
10527,0
1096,0
12355,0
6658,0
7458,0
11058,0
13656,0
10988,0
7277,0
15239,0
7792,0
4952,0
13486,0
4844,0
4491,0
3133,0
3862,0
2940,0
5902,0
13570,0
9848,0
2214,0
13834,0
11200,0
16708,0
11814,0
13533,0
11493,0
15181,0
7563,0
1847,0
12483,0
4758,0
11595,0
3499,0
16245,0
5045,0
10666,0
4890,0
11295,0
15236,0
5354,0
4887,0
6428,0
2086,0
1988,0
2724,0
16131,0
3717,0
4455,0
10095,0
8113,0
5981,0
7103,0
14426,0
6724,0
15713,0
15358,0
12224,0
9800,0
2466,0
6692,0
4068,0
13736,0
15130,0
5501,0
14877,0
2487,0
4125,0
11194,0
15250,0
13290,0
1260,0
5411,0
7087,0
13031,0
5104,0
14886,0
6839,0
8125,0
14748,0
14996,0
16700,0
7582,0
1171,0
2715,0
7615,0
14528,0
6441,0
15299,0
14246,0
2444,0
13849,0
13852,0
14427,0
4792,0
14504,0
7695,0
10080,0
15690,0
11120,0
15263,0
2149,0
13704,0
12389,0
6550,0
7957,0
5839,0
16742,0
4997,0
15999,0
9965,0
16666,0
2357,0
7879,0
15458,0
12683,0
1006,0
13232,0
12847,0
15574,0
4480,0
12996,0
16697,0
12946,0
5375,0
16312,0
5449,0
1088,0
11097,0
14514,0
5113,0
16362,0
1326,0
14736,0
13227,0
13429,0
7640,0
10313,0
1460,0
14728,0
15228,0
16457,0
13467,0
6493,0
1576,0
14918,0
5351,0
14163,0
10820,0
2544,0
2151,0
2754,0
14147,0
10825,0
15003,0
10513,0
1806,0
1678,0
14612,0
15100,0
3108,0
4190,0
5357,0
10201,0
7294,0
16130,0
4716,0
7674,0
13136,0
7451,0
15191,0
15953,0
5768,0
12193,0
12425,0
1876,0
10209,0
3738,0
5191,0
7748,0
5841,0
16025,0
14042,0
15036,0
12669,0
5704,0
12297,0
2049,0
6798,0
10890,0
10196,0
5037,0
11517,0
15554,0
12702,0
6870,0
10301,0
7592,0
12742,0
12229,0
6813,0
10819,0
1221,0
7704,0
5735,0
4256,0
16634,0
1206,0
10304,0
13360,0
6393,0
16394,0
14723,0
6156,0
15578,0
6853,0
1594,0
16774,0
15615,0
13958,0
4559,0
10907,0
5047,0
5393,0
15542,0
5269,0
961,0
12876,0
4042,0
12712,0
14010,0
1817,0
7969,0
13075,0
2476,0
16031,0
3555,0
16045,0
16812,0
6225,0
2392,0
15796,0
12142,0
16557,0
14134,0
13906,0
5266,0
1805,0
6971,0
5517,0
1173,0
5497,0
13898,0
16867,0
1011,0
12883,0
6704,0
11255,0
5097,0
10525,0
10210,0
13477,0
11408,0
5034,0
4610,0
13086,0
15011,0
2532,0
2859,0
1187,0
5684,0
5257,0
3971,0
12567,0
15213,0
6472,0
1527,0
2759,0
10453,0
1251,0
13928,0
16585,0
2809,0
1577,0
2246,0
6076,0
11896,0
14507,0
15785,0
6294,0
3781,0
11240,0
4821,0
14641,0
11197,0
2617,0
15262,0
12077,0
13268,0
14547,0
11655,0
5805,0
13762,0
3292,0
1878,0
5068,0
7751,0
854,0
14133,0
13372,0
6736,0
12067,0
8158,0
16018,0
5655,0
3598,0
10877,0
10386,0
11863,0
937,0
10009,0
7658,0
2208,0
14503,0
11721,0
16694,0
9973,0
3491,0
11624,0
963,0
11979,0
1267,0
12612,0
2930,0
1707,0
7180,0
6796,0
16127,0
16525,0
2130,0
12532,0
7057,0
2248,0
7235,0
13224,0
7626,0
13181,0
9755,0
3015,0
6166,0
13953,0
4583,0
10185,0
15428,0
7759,0
7506,0
5846,0
3452,0
12314,0
14204,0
15460,0
5397,0
13183,0
12823,0
11164,0
12481,0
10151,0
2743,0
14273,0
13837,0
15032,0
6599,0
15833,0
16717,0
1900,0
1868,0
2714,0
7774,0
13582,0
6860,0
5077,0
17024,0
13530,0
12962,0
1971,0
1782,0
11079,0
2797,0
3702,0
1407,0
5893,0
10405,0
6476,0
16446,0
995,0
15392,0
7178,0
4109,0
15215,0
12630,0
3353,0
6000,0
10465,0
2777,0
4848,0
6954,0
15683,0
6541,0
2400,0
10317,0
2364,0
4800,0
3178,0
15914,0
10670,0
12827,0
1899,0
12416,0
10910,0
12061,0
7447,0
11645,0
16893,0
16125,0
14325,0
7795,0
7278,0
13267,0
15265,0
10723,0
4409,0
11360,0
12501,0
7811,0
6301,0
14908,0
14633,0
12377,0
5225,0
11003,0
16342,0
2586,0
13206,0
4114,0
12917,0
887,0
14253,0
6311,0
3979,0
8161,0
12137,0
3320,0
13127,0
16606,0
2611,0
15672,0
12334,0
10167,0
2838,0
6343,0
3792,0
10671,0
14291,0
6146,0
6684,0
6327,0
12467,0
11490,0
6485,0
5713,0
10958,0
13301,0
12099,0
16029,0
8123,0
16571,0
6032,0
16455,0
13842,0
15321,0
11422,0
7904,0
2003,0
16856,0
12936,0
2475,0
11939,0
5323,0
16951,0
6872,0
2068,0
11631,0
15981,0
14509,0
1820,0
6192,0
10706,0
977,0
1104,0
16085,0
7384,0
5900,0
15934,0
4904,0
3464,0
5025,0
14467,0
16705,0
12872,0
5462,0
2117,0
926,0
3944,0
11846,0
7710,0
14615,0
3834,0
3038,0
14956,0
5003,0
3769,0
7014,0
13240,0
4201,0
3602,0
8079,0
14335,0
3153,0
15808,0
5009,0
13610,0
12564,0
7663,0
16363,0
8010,0
1983,0
3173,0
15434,0
10908,0
7089,0
2091,0
2885,0
1697,0
16116,0
4993,0
16587,0
7699,0
