id,price
15462,900060.3828125
11766,832781.2838541666
9160,867259.64453125
53004,1826470.703125
10998,335951.6015625
2222,637754.9479166666
12996,2043164.4616518652
5969,618456.5972222222
7911,2225961.3095238097
14500,2169863.823094165
1100,3421520.833333333
6628,4101426.171875
12449,1756406.1513573227
14220,2272386.991924453
3280,1622454.0726249877
39809,514082.29166666674
5456,1189042.1699929973
12135,5853786.049107143
12102,1230006.59375
3104,4817651.317708334
7371,2999094.466145833
1122,1747175.6510416667
3513,1271782.4431818181
848,3601728.9481956847
13149,1915846.724972097
3355,683806.2012276787
1639,758923.5231547522
9773,1500892.0946180557
53808,3297309.37109375
2993,3894635.0446428577
12230,4087705.3285256405
15026,2509144.53125
53753,382176.29278273805
16090,2703725.0
5526,2319114.3125
8508,1577385.46875
10311,1393532.6302083333
12545,2470932.25
11619,3770622.71875
13734,4633671.254960318
2479,1614506.8824404767
7657,1579849.4791666667
11380,787359.625
13607,4429125.744047619
32999,3562145.3229166665
1548,3780593.75
4925,1755655.071924603
15292,4003806.546875
8090,1282809.4177740666
11484,2061557.8125
5258,1140515.904017857
13659,2226004.6096354164
14339,3044130.860086991
15596,2662484.6540178573
14260,1801188.1744791667
5367,1760902.027529762
10034,1596675.5885416667
31470,1575606.7708333333
11020,2660472.074094741
3538,1053479.0305961403
7133,2470919.8315238897
13634,5366.145833333334
611,2176691.518429487
11613,2748253.90625
14515,578151.4125434028
6118,3625781.25
53653,401908.8541666666
2249,923674.6168154762
4115,1499600.5937500002
32530,4454357.9055059515
14143,4803575.279299691
8231,2650170.575
10575,1357052.34375
8075,2812377.883184524
1095,2623936.774475524
9457,1103831.8809523808
10680,5814511.067708334
12775,7000188.802083334
53035,540459.0755208333
31289,1890121.09375
1368,720686.25
13393,1163987.5230032308
11651,3573590.625
7235,2633656.0140749
8007,2478784.59375
53933,566972.65625
6633,1324046.65625
861,1703933.314341908
8172,1504133.125
51738,239726.19047619047
14706,1298850.9609375
11915,3637855.003720238
9535,1121235.9551203137
1725,1982791.6294642857
53393,1840783.129465969
2913,3554857.5
2472,2283414.0078125
11747,1733860.8255208333
13859,754285.2108828671
52756,410171.4409722223
10134,2909140.314980158
11354,1833971.8760416668
5930,2590428.125
12975,2596347.2377232146
6874,1915846.724972097
10236,2470919.8315238897
2740,1263694.9387276787
15331,1261852.9577132936
1407,678045.5729166667
10892,682801.9748263889
8574,2340825.8928571427
16441,2123823.958333333
13322,1735500.319568452
42665,2662484.6540178573
15583,923905.6070064483
14487,628038.2254464285
3433,2895586.1066017314
7818,1100665.550595238
6699,2873323.5305059524
11356,1456300.812251984
31657,1886138.6546396315
6204,1982615.5859375
8333,2640361.765625
11580,4631933.836399429
9081,1545631.0609375
9553,1300000.0
4782,1751691.5963541667
31202,1169855.6202400222
12510,2976607.78125
41320,1469582.0777529762
6781,3602034.2421875005
13306,1530678.0319940476
13126,2142925.6103054928
13298,4399498.567708333
13218,1810418.7473958333
31564,2112631.088541667
9365,1956394.1334635415
978,1304370.1633652803
2044,1548167.3041801949
1085,2258851.5625
9443,1417924.359375
8225,1899064.4965277778
1549,2220431.559895833
4754,3202019.2645810796
3710,1219362.6428909625
53091,269216.7038690476
11295,1440546.875
13351,2214235.367063492
2407,6766156.901041666
10759,1257209.5238095238
8580,3903836.5017361115
11270,2470919.8315238897
13950,2410360.1692708335
6311,854634.765625
1626,1227703.515625
2593,2470919.8315238897
14003,1737401.9315840406
54092,389801.89732142864
52835,770981.5625
5033,865821.5959287386
7210,5238606.770833334
5447,1377039.0625
10682,1582851.5625
15586,1915731.7417647454
32979,746240.2343749999
4117,3019856.770058283
1105,1768349.84375
11971,2034254.7611607146
4459,2314565.6967633935
4597,1530662.6319643895
5600,1948637.6953125
2480,3439003.90625
32014,2110538.3882812504
32266,3069581.3046875
16556,1753054.6875
7037,1434173.0468750002
15560,849605.5142614149
2329,1702794.8854166667
8675,2821824.8697916674
51586,972598.390625
1299,5025592.2578125
53734,1096925.2774363793
12193,4727928.796875
4703,3494675.3515624995
51399,999758.703125
2310,227476.5625
31489,1332568.3806211147
11631,2539757.0596590904
12884,2109294.229166667
11695,2419900.3906250005
16561,2988525.890625
5415,1582012.5560151145
5174,2143027.34375
14505,3637855.003720238
4369,2088757.572842262
54291,715019.361235119
9359,3042280.1796875
3259,1241274.9281655843
12058,4170072.5416666665
51565,352635.3546626984
9606,2998640.122767857
942,2068664.0703125
12317,1141923.828125
15362,1431527.0833333333
5346,2036710.0012400793
10322,4062579.1666666665
2255,1331618.7812499998
7035,1389370.8723958333
8990,1667815.6302083333
4758,1146013.5018031653
2576,1597560.6355650004
7129,3144616.145833333
3375,3505974.1507748654
9865,2352909.8089488638
2489,3250099.9366518897
5616,2143641.178385417
11681,1850589.4411525975
6354,1273405.5989583333
12437,4829680.946462391
53814,1117067.2083333335
11241,4055635.734375
15198,3316623.640625
13167,1836457.0847988818
11371,2817068.71875
53807,492492.283203125
15204,2829733.072916667
14901,2819346.3541666665
3774,1660293.5650822825
1385,3173569.23828125
15580,201360.67708333334
11832,1610635.46875
4127,4430508.59375
7631,6233896.94940476
15487,1950947.3360840552
10785,1696764.3229166665
32845,8390.70777529762
3106,2578491.734375
9021,865821.5959287386
10833,868705.505952381
14146,2245036.4460565476
5199,1424027.0096190704
346,2214339.3652529763
1467,1747031.484375
2933,905666.6666666666
16734,1394838.8488681456
2170,937107.1692708333
11180,649606.7708333333
40408,1204569.8828125
1878,3250099.9366518897
52858,730625.6975446428
14953,1914493.5150049606
449,330826.171875
15476,1153490.3177083333
4380,1943377.2998511905
11715,10778097.145833332
54298,986750.9114583333
53006,1778572.4817708335
12304,825508.90625
13684,1299337.2395833335
5254,3695035.595610119
10477,2454740.885416667
7546,2678199.898189586
31749,1875369.609375
15226,1663215.4116499817
3341,5249732.888520701
5099,516890.625
11655,842874.3671875
13949,4633671.254960318
53184,1377753.4557291665
4928,1386808.6979166667
4465,3290511.527101372
2326,1564855.46875
1191,1637760.124346335
13452,1641356.6927083335
14480,413246.55877976195
5949,2494326.7083333335
12020,2842812.5
33185,1821597.6789603624
13285,1962288.8227616574
11056,4879707.03125
53540,4547787.5078125
4679,2065751.675223214
8146,1917725.5039881994
8140,2335341.1848958335
12342,730437.7536525974
53829,380777.72597824037
31394,1798875.8060515877
3863,2428118.8289141413
12697,3114166.1666666665
1337,1189338.8125
3455,1225481.0717927907
2581,2174002.921875
2038,1508197.3958333333
31919,1170470.535714286
10999,604705.6254509379
14045,2033432.6406249998
8476,1218837.0576636905
2160,1389894.7358630951
4202,1720564.0811011903
15433,1202141.3273871527
12239,1150869.8125
12051,2001400.892857143
12419,1112542.7827380954
32996,1703933.314341908
13732,4208830.8359375
14226,1045885.8359375
10995,4178762.021019345
13799,3593505.208333333
3963,3163737.7734375
343,339874.77301344497
15401,347521.8359375
15151,1822937.5
11965,2736040.4972042306
348,2774218.619791667
10504,1350006.9940476194
35,1309284.089203351
53923,369251.953125
53732,2706699.21875
5947,1486367.1875
1348,407012.3697916667
15043,811652.4947916667
1503,2962972.109375
2164,519829.6875
15162,2596347.2377232146
15459,1146013.5018031653
440,1146013.5018031653
13001,2244222.1777529763
10152,2111764.3020833335
8164,6233896.94940476
14242,1590505.671875
13042,3138143.322172619
2321,775261.1793154762
15740,7400000.0
8307,2388855.8492288957
53995,1935407.46875
12199,1067365.465104167
13969,2292306.0885416665
12275,3426296.5773437503
53727,3510492.1953125
1657,928459.5208333334
9547,1399531.25
4493,1566384.4393601192
14503,1678949.3722679694
12094,1682896.7436981422
31839,2892584.375
4497,4272232.578125
32452,1169074.6484375
7743,1163987.5230032308
15505,2711719.3016210706
2981,1501524.2786458333
33341,1414527.6778273813
14528,2340206.65625
33197,3145721.5895833336
2735,1746056.438802083
4472,1517546.1484375
37845,895022.4738331012
12429,1719502.1373714826
4831,3649827.511033214
3508,1950947.3360840552
11320,2271227.2843124946
15503,804440.9791666667
6968,930101.5104166667
1306,1451349.7446563854
8915,2435375.0
5029,1087621.3515625
7462,1822937.5
14550,3661792.799302651
542,2172475.7864583335
5518,1756034.371922756
32994,1270323.9676339286
11255,4640026.786458333
6891,2441373.177083333
5765,821231.1197916666
39515,2043164.4616518652
4468,1484409.6458333333
2752,5483126.302083334
10924,1976087.2369791665
14670,1744922.5625
31649,1699456.77734375
5881,1768745.8668501636
7058,3788470.050595238
2061,3406652.039930556
51595,1516426.40625
13864,1642974.9609375
15821,3273046.875
12725,1663215.4116499817
14978,1640779.1573660718
292,1037566.0290801426
54264,305874.6565934066
4533,1214640.5304834056
6958,2043164.4616518652
6520,1254676.953125
11896,2370256.067708333
11707,2121928.9992559524
1320,1608929.3203125
14427,2663333.1053571426
13068,2057905.6328125
14573,912221.484375
2555,1838921.5758928573
3521,7400000.0
5613,764681.9453125
4269,559406.6276041666
53487,284391.07643816166
9085,1990817.8584280303
13363,348761.1297123016
53643,369251.953125
53646,407012.3697916667
16370,2778138.2961309524
31457,2979678.3854166665
14537,284391.07643816166
5010,1948457.96875
12257,5249732.888520701
10746,5131843.75
39253,3926574.21875
1586,3108711.796875
5028,1712090.196496212
37504,862617.1875
425,1655554.1666666665
5022,2072953.125
2415,2334032.123286206
53382,2673757.2544642854
5879,4797544.326636905
15390,4464094.512908965
12144,7299587.611607143
4596,2740127.65625
7999,1530662.6319643895
33344,2787223.1484375005
13164,1938205.0713609306
11824,2219730.078125
8336,1899064.4965277778
1470,2998837.28083982
51564,497813.36805555556
8844,1312707.481971154
12535,2557465.3002232146
6278,2798151.004464286
11942,1864765.9129464284
13075,1469410.1145833333
14312,2196316.6145833335
7545,1100931.421875
11283,1915846.724972097
31558,2634585.282738095
15569,2608636.5327380956
15396,5459174.286458334
10930,2109518.372425251
6902,2043164.4616518652
14783,3135584.256238552
12482,1918075.1189236112
51511,2853582.03125
54175,218894.53125
8920,2433116.3209945434
13116,1264834.8569399351
8002,1922558.59375
12386,4087705.3285256405
4199,1854396.7083333333
11994,2296890.625
10871,3965240.8854166665
8233,1305678.572265625
6366,3537420.421502976
11722,834037.3697916666
41931,1655446.1295572915
5595,2026799.0234375
14258,764299.5806277056
14860,339874.77301344497
12571,1141355.003720238
11754,2425821.875
53208,2863671.838541667
1489,3716381.8669394837
10861,4855613.565104167
6634,372717.6339285715
14306,1363540.4017857143
12194,4744007.8125
15522,2342073.958333333
9463,1170470.535714286
52935,5020280.0
11907,1922952.3775647096
53111,1130382.8125
3522,2334032.123286206
7739,307594.3844853829
11637,1689642.0830853176
13370,1107564.4557291665
353,2368559.3545386903
3284,4171276.4130208343
13984,5217555.147058824
5337,2749650.3515355415
781,2099557.3586859023
13238,751354.8764880953
10141,1442031.25
3350,1361589.4296875
5106,2225389.567708333
506,2771430.5317167207
3519,2043164.4616518652
15840,637754.9479166666
9878,1254886.967075893
121,1350986.6340587798
54284,184641.1830357143
13275,5239114.583333333
32360,2473669.1568607814
13040,2387405.845842634
2410,961692.421875
1471,739961.8098958333
15388,858426.1160714285
13599,2643397.5390625
5617,372332.24876822735
10486,2613494.1406250005
8668,4981173.363095239
3286,3586014.4358882
9702,1162290.1785714286
12388,2384556.4129464286
10555,2647833.7096354165
12787,3716381.8669394837
210,853568.1640625
10763,2752738.0952380956
3709,2290530.5183531744
1541,859087.8906250001
1728,1017885.2072977278
519,1695689.734375
31813,1337983.3588005514
9789,413867.203000992
3334,1520093.5359375
5261,7942738.109375
12043,1782603.515625
10649,3627486.197916667
6721,2096913.9229910714
1488,1461153.6101190476
10878,1612493.9661458333
9355,4631933.836399429
12676,1085941.3151041667
6130,3331765.625
13150,1163987.5230032308
196,2600757.727949135
2738,2998837.28083982
44558,4541507.998511905
6623,1907861.8551587302
16019,2110748.203125
13161,1717337.9774305557
14290,754285.2108828671
9072,1240793.7957899305
11261,2108606.5507192467
53199,3208304.7265625
31908,905666.6666666666
12207,2971558.59375
2643,2336655.3932291665
10791,2849984.375
2336,475337.51240079367
14195,1342150.078125
50297,6005485.119047618
13309,1332568.3806211147
12445,3044130.860086991
5611,1636483.88671875
11550,4500686.6875
53131,335918.1547619048
14211,2516483.5625
6296,626152.0833333334
967,1029306.232514881
2899,3934651.2317708335
10330,1925203.125
2172,1468315.5859375
12090,5707116.25
9616,2333292.96875
44652,3205126.5625
12782,2951504.4642857146
7636,5107598.437500001
10890,4156364.5833333335
11204,1962497.1719903362
32989,2521744.791666667
53816,1401379.8314732146
4458,2065536.7083333333
13611,3078251.4880952374
11944,4396999.664181305
1713,2034254.7611607146
12962,7395234.840029761
51681,336852.21354166657
53580,1850309.375
12461,2713153.9248511903
6551,4829680.946462391
3510,4672429.28125
12538,3006425.4803841994
2059,2251474.565928863
12756,962768.7540922618
5090,2523968.428839477
6555,2011264.9091360024
7814,658487.109375
5038,4044565.9350198405
12743,6035013.020833333
1655,3167190.388040778
9257,3372312.648809524
6205,3919463.386904762
701,1737987.0197172621
523,902354.6484375
53836,352635.3546626984
969,3655775.502232143
12508,1719502.1373714826
10664,652666.9823232322
8492,3505974.1507748654
11102,4307248.566778274
52910,463763.6718750002
14363,3044130.860086991
8484,2881076.692708333
6801,3495284.914663754
7656,4424774.7265625
8158,4525729.166666667
10973,3210558.7109375
7403,1650699.8744791667
31474,4679867.1875
9795,959779.5182291667
14955,2778138.2961309524
12269,2663206.6302083335
3943,1236751.1607142854
32095,2811700.888020833
9097,1690072.8463541665
9188,3673643.973214286
9951,1449694.9907638629
16095,3919463.386904762
13996,4087705.3285256405
8137,3269552.140625
5774,3311088.203125
9700,707598.7265625
37149,2585595.53125
14612,1017323.3366026336
2644,3135584.256238552
37414,1471104.4036458333
53489,3662515.2942708335
38145,541914.5833333333
11716,4869303.198490311
3051,1418678.125
6140,1251778.898561508
2026,1311117.1875
31215,3395234.5703125
8816,1017885.2072977278
31308,1799479.1666666667
15540,2957492.1875
31672,2972334.1023936532
2911,2503760.8849789915
12721,2199938.5416666665
11925,2405820.3125
12026,2336835.9375
9070,1478928.6588541667
5565,272023.65618799604
2502,5016601.822873307
52947,3750092.7083333335
8319,1449694.9907638629
10916,2415065.9179687495
11201,1736587.0833333333
10482,941533.4739644721
53899,259882.70399305553
129,1756406.1513573227
31989,1759368.334201389
6779,3678535.1562499995
10574,1956078.6354166667
5508,1264044.2708333333
5004,877364.0104166667
11160,2238540.890625
13374,1163987.5230032308
11612,2651024.479166667
10989,3968717.9348958335
14039,1282809.4177740666
9354,1374184.6875
10219,551507.2369791667
5267,1424027.0096190704
11729,756339.6949404763
6880,604705.6254509379
31222,1223053.3776041667
10153,3004792.9609375
9265,1088862.5755208335
4840,2388175.9401041665
1594,1319108.0729166667
7918,3149727.5
6616,244157.7380952381
13670,3220308.001893939
53092,366381.25
16111,5252705.0078125
6201,1908242.1875
16472,418648.20498511905
6622,801445.3125
14491,2334032.123286206
11450,2752738.0952380956
31270,1639511.71875
15280,1685244.1484375
16106,961729.5014880951
8168,3220801.4687499995
31575,1717632.0684523808
13802,2930767.0213993904
12511,2251114.5014880956
6357,1992786.008184524
453,956537.7604166666
11924,6690210.0625
4613,2404594.217848124
14661,1325002.9296875
6143,1998250.0
12155,1309284.089203351
4116,1678949.3722679694
2664,1597906.9010416667
4384,1869611.40625
12451,651094.5343501985
10927,3609998.1708829366
7735,2366197.453125
1886,1223506.5104166665
1734,1293832.9869791665
1804,356640.234375
1034,980620.8024991248
31742,1675785.15625
6353,3872608.5442708335
2556,1516220.6467577561
53720,470494.0476190476
16806,4596115.970153673
32391,413246.55877976195
10865,4717696.09375
32562,1678949.3722679694
54273,1277840.0453125
6792,2043164.4616518652
53115,319419.7823660714
11017,1882733.4192708333
32108,1169855.6202400222
31747,1394343.1919642857
13109,1968983.2773437502
33254,2860753.125
4846,1836143.75
12490,2099557.3586859023
9452,1373751.984188988
9517,1799479.1666666667
7753,1527970.2994791667
8148,994103.7660256411
52912,475496.6145833333
9276,1515277.6640625
11736,1580111.2832341269
182,978294.3828125
12139,1771019.5863299496
10148,4553515.625
34870,1416100.5285122863
1357,1449694.9907638629
8349,2011058.73828125
9254,1865496.9757060758
11333,3504410.4635635503
1042,1938205.0713609306
693,5858129.651041666
8924,1589538.8743728402
10592,4283647.395833333
12634,1447134.75
10037,2524757.7303339024
16181,2722766.5162528437
9946,852525.7316468251
53011,1408691.1458333333
53116,812201.5625
53457,1776148.4375
32540,2043164.4616518652
10822,2521670.7135416665
6724,1683037.953125
12561,1501601.3309523812
6985,733719.5963541667
12468,1755655.071924603
15802,583700.0124007936
53662,1414279.515625
54024,3206101.8229166665
872,2070674.7023809524
7802,2319713.5416666665
13271,2334032.123286206
31455,3369786.2126302086
1175,3540957.8125
12436,2601538.087797619
15398,3480820.987280948
8847,1864859.0959821432
7306,2196687.1666666665
7895,2368559.3545386903
16020,2883246.6459108386
52764,2311670.197916667
15748,1433674.4661458333
14436,1444570.3203125
15222,7400000.0
11305,651226.3392857143
9811,3044130.860086991
3178,1807281.2246347405
5287,2780351.548772407
3868,4879050.680989584
31213,1738472.3854166667
14540,1242868.5756561144
12618,3044130.860086991
5424,2036710.0012400793
5036,2534215.69921875
8926,3256035.924479167
16537,2642557.291666667
16551,2289039.954039558
12200,587270.875
1650,1230312.9804223557
31550,2266880.3261625525
9619,2979678.3854166665
9523,1300000.0
14420,2776507.8125
7497,2752738.0952380956
53937,380777.72597824037
6302,883594.2894345238
53368,343449.21875000006
13875,1266591.4713541667
11653,1617514.8333333335
4948,1372926.3255208333
11324,1778205.0941625652
3263,5361723.121279762
7806,257995.7062251984
2234,1576783.3564882348
10980,1756406.1513573227
31469,4528320.3125
4441,2435949.21875
1092,5760380.318080356
1980,828720.1450892857
9605,669618.391504329
8929,4322009.635416666
6217,2873608.3828125
12509,1700288.140625
14393,1781841.480654762
5039,2265560.64453125
10479,609914.5980113636
14043,1449694.9907638629
4689,2735939.463541667
32379,3545691.40625
4499,2699013.671875
10497,2163730.098958333
4498,1600991.0
4931,3008776.726174694
9880,3845378.125
10922,1703933.314341908
6196,1367640.7395833333
9725,1667658.242765422
15399,2305630.3516580258
7992,2169863.823094165
9600,1300000.0
11752,1798023.4375
5444,1863460.2641369046
11006,852525.7316468251
3878,4912651.606770834
7811,4253644.6328125
15212,3250927.317708333
16456,4316610.148965618
202,9009859.640625
42728,4081023.286545459
7751,369251.953125
12635,2892584.375
4298,1724519.6264880951
32461,2970132.1614583335
12860,1955276.1904761903
32,575508.0729166665
12605,2100000.0
10315,4439144.791666666
13382,1248908.8541666665
11196,3319536.0156250005
33349,1478025.8742559522
6700,979776.3177083334
12211,2534533.1938244044
51490,1062347.734375
1781,1360400.4972718258
51386,3496859.375
12781,941533.4739644721
6135,1798875.8060515877
14137,4420979.685245311
14279,1604368.0078125
3890,3022692.9557291665
6230,6510681.25
2914,2805572.665550595
12260,1822351.5625
12943,2403906.25
11147,793187.0096049784
4067,107711.84895833334
15152,1945121.7430694306
5784,2663318.7771577383
16467,1689831.8984375
14256,1634273.4375
7392,897035.5260416666
9894,849541.9114583333
39433,5019330.357142857
7885,2709507.084635417
10873,2334032.123286206
12112,1710535.0781250002
31931,2998837.28083982
7219,2001445.3125
10992,3423743.3240327374
3267,1435987.359375
53185,2947488.7317708335
1412,4128950.03359375
7557,1077389.9739583335
12715,1798875.8060515877
40041,1050158.328125
1621,2196687.1666666665
1707,281630.6483458519
32929,3495284.914663754
12540,1811933.984375
13060,3305816.40625
15137,1689624.1838023092
117,849868.27485219
7828,1799867.1953125
1568,3509723.2760416665
13189,1650933.59375
3356,1622454.0726249877
12905,2156498.1553819445
52948,1641336.53125
53755,274278.7239583333
4191,3081860.9375
5521,3309382.1428571427
12496,2699013.671875
14321,2089680.4681299604
53474,879343.3962053572
8393,4262484.988969363
32481,849721.4329427084
10380,992614.5550595237
7372,633433.984375
7797,2490939.285714286
1347,2169863.823094165
54288,3083122.5859375
11378,2470919.8315238897
2753,817783.7791108631
1619,754640.40625
7577,1990062.9960317458
8490,941533.4739644721
11630,1755399.2304687498
13282,1469410.1145833333
14774,2802397.7194940476
8921,982061.40625
7906,2332253.5807291665
12997,3369786.2126302086
12633,1599027.586807149
5441,3007463.6328125
46325,531541.3735569983
14167,1366389.5833333333
7307,1758018.3531746028
9341,2584002.1205357146
11214,1756406.1513573227
1613,2144626.5007440476
33440,1160360.6770833333
12750,4316610.148965618
13180,1856632.2504023244
5705,2914912.927784022
1156,2959539.2213541665
12129,4541869.8203125
53466,790572.0052083334
16723,583087.0390625
33463,3002741.327194941
16261,2892893.888411459
6953,2779855.1484375
13222,2206660.9002976194
12558,1539097.498263889
32270,1404205.3571428566
14145,905666.6666666666
32197,3504217.066245387
13752,3887755.284474207
15411,1836026.785714286
10848,2388856.015625
53362,744006.7908653846
4140,865821.5959287386
48852,1853779.106370611
42480,2017091.555059524
9158,5824225.481727431
13601,1242059.8845598854
10928,1656250.0
12977,2702489.390625
10207,1491863.4114583333
6562,3798389.601934524
1363,4869303.198490311
2830,1102254.7433035716
6026,1768745.8668501636
33376,3792676.546875
3202,2621063.5230654767
13463,2809049.4791666665
6229,637729.3526785714
7714,1199846.6796875002
16791,5491894.737847222
13235,785770.125
3649,2070216.1458333333
3723,3670794.2708333335
33018,1650933.59375
267,3245865.4687499995
12745,1830292.8776041667
12967,998682.8776041667
13049,3376381.5703125
15552,2060363.5509672624
14015,2178853.8066534167
11548,4048705.3571428573
6138,1029064.2109375
13129,2197929.6875
426,2333317.4479166665
10510,3593600.419710346
15521,736225.5208333333
12543,1930805.0687499999
6358,3588575.2879464286
12682,1937696.889423077
4759,2987529.5928030303
54287,1258514.3229166667
700,384792.6171875
2661,2107606.8229166665
12284,1406034.2689732143
31822,3190049.35515873
11904,2798546.3359375
6889,2623936.774475524
11536,1703933.314341908
1784,857182.8125000001
11165,2849720.8526785714
12516,4051039.2109375
11045,954384.6067708333
5011,1720564.0811011903
1544,1926158.7975852273
6459,1597560.6355650004
12272,1885652.8645833335
1172,2336953.2838541665
14549,998682.8776041667
14381,4445220.089037698
2568,2997912.841021825
11933,3696385.0595238097
53928,243454.4270833333
11312,1121235.9551203137
4192,1581121.2565104167
2145,1048666.3287450392
6693,1684786.6806547618
14779,811070.2604166667
2159,2631440.2560763885
54087,2112201.3593749995
11818,2094429.8671874998
10063,2297870.0468749995
2847,2231202.473958333
12742,1194404.7916666665
4439,2076520.126488095
8332,695000.0
1727,1139793.44952877
3525,1065085.910217999
10662,1309284.089203351
11434,758762.7105654761
9782,1814610.546875
11073,3006606.42146482
9107,1784168.7473958333
4452,1138161.359375
12947,2060520.9984375
53563,3331530.4427083335
3973,330519.2447916667
9074,2180891.6015625
11564,1597560.6355650004
43458,1449694.9907638629
2219,2249575.520833333
4111,4047009.5987258176
5710,1732492.1875
12988,2402462.610863095
16171,2037621.2081380207
2897,2377646.1866041957
11529,700037.7173123037
32283,2584002.1205357146
8433,2171697.6041666665
12551,5573971.71701389
12034,2085427.5483630954
11771,2990346.4375
14424,822539.5706507034
1236,1629790.9375
10781,2138398.4375
14232,2321356.1726190476
8650,4787112.5
11386,704691.2456033551
12968,4197077.791666666
13947,2421949.21875
9089,2335341.1848958335
3859,2529648.1171875
53917,348283.7903741224
6286,1854914.6301232465
3206,1672198.4375
10234,4269193.97020527
6058,588443.3748759918
14141,404258.85670319264
1536,3614104.296875
11758,4730642.695312501
31995,1786201.3567708335
5186,3222310.9375
6288,883594.2894345238
1959,859552.1614583334
15148,421570.6845238095
212,2231145.4405212845
11360,865283.5903679652
4385,1260701.0305059524
7980,921124.5103737409
4750,3211274.2428300856
32000,870782.2885664683
12335,3153465.9204727565
3542,3333236.604944813
7998,1915846.724972097
12443,2111932.480496933
32475,5790627.011904763
10143,3093083.333333333
13121,2520400.3534226194
45802,5834608.072916666
15421,6256502.989583333
12495,3330087.43359375
89,2159553.864366077
6369,2218284.205729167
14508,316236.7287660256
14475,368634.9081690879
4186,865821.5959287386
13307,4400461.336202426
53840,499391.4155505952
31648,4590556.412270586
3445,2109518.372425251
7039,2579041.7874999996
3192,905666.6666666666
5629,3944775.3457480012
13384,1341324.824813988
11979,3217507.8411458335
16733,1897927.8515625
11572,1373587.4410962302
12435,5249732.888520701
54110,528565.7246558843
10334,1029306.232514881
53990,2571146.4244791665
7390,6361509.00297619
13017,2022038.6827876992
15039,1962497.1719903362
11099,2242625.25
5630,4420979.685245311
16448,2925417.6536458335
8917,3369786.2126302086
10981,3362296.64453125
14474,281630.6483458519
53556,2064921.875
32739,1515013.7786458333
13456,2475664.0625
36406,2809411.988185425
51384,1745869.4739583333
11688,2689509.28125
10741,1412216.25
13755,1141103.831167462
5536,3492908.5777073177
9640,1663759.671875
8317,4084650.223214286
1647,758923.5231547522
54077,3144411.71875
14229,3494819.2161458335
884,2223099.2683531744
15585,2027600.4340277778
7375,1856730.140625
3886,2123183.4441964286
1416,2076520.126488095
16522,3292298.4375
6036,2841505.1953125
8073,1329556.0744047617
3885,1753054.6875
15229,353030.7765151515
31752,3649827.511033214
54187,376565.5911458333
11174,1298447.2005208335
11150,2117167.96875
49823,942981.7708333334
6468,2051071.996279762
53093,819854.8549107143
14034,807457.671875
13858,4568125.140625
8832,1881084.6901041667
32454,1309284.089203351
13596,2429010.0105406754
15022,1112710.2391098486
9090,4464094.512908965
51594,2818140.625
31720,2752738.0952380956
16107,2585595.53125
35165,860089.9739583334
11251,2953178.1203125
13117,2001400.892857143
31554,1595399.4546875
5172,1846239.8371875
7564,1513492.8515625
15514,389801.89732142864
6805,1263391.2734375
11007,6005485.119047618
9350,1030529.1852678572
15800,2759383.1387648815
9792,1034137.609375
10656,1962497.1719903362
4461,2500367.1875
53473,1127746.2094494046
54275,2455072.8020833335
7815,1294735.1822916667
12565,1599535.921875
15041,638801.7864583333
53130,974745.0260416666
7640,1130848.5505314108
13311,1854914.6301232465
11323,613058.2232142856
9018,5406033.65234375
15483,1528715.234375
51684,414983.8479662698
4614,1170470.535714286
16739,6348831.6530877985
16087,5782840.4375
32103,1075162.233280602
13354,2829733.072916667
15217,390094.72098214284
9450,1857182.2916666665
14305,1632539.0625
275,4714160.164835165
7496,1853595.8020833333
4606,2230690.3255208335
54207,3193609.375
11960,7043864.583333333
6885,1597560.6355650004
5103,1797628.3761160716
12556,1143856.09375
11275,801526.2838541666
9012,1300000.0
54195,1969430.46875
13981,792931.6671852454
5418,1962497.1719903362
2257,1897893.2369791667
4668,1888058.3333333335
3545,2334032.123286206
259,1264958.9956484488
14904,1341902.5072150074
53541,2294042.885416667
53847,3750092.7083333335
9690,1300000.0
13517,2494392.71875
9980,2319713.5416666665
14196,5571623.279389881
33371,2244222.1777529763
2333,517056.5017361111
15813,2540266.331225198
15465,1853779.106370611
6457,3319536.0156250005
42903,1329610.6204696484
11079,2334032.123286206
8602,1758018.3531746028
12699,2301649.796478174
12093,1230114.84375
16435,6174466.533854167
7297,2322075.8928571427
1659,3008776.726174694
3526,467817.6767113095
48026,1943001.4583333333
13535,1187142.1875
105,3913333.3592622653
15358,3162910.9375
10074,1703933.314341908
8651,1716321.6145833333
6875,2169863.823094165
41114,2340655.627699145
6232,2229444.6239683772
9691,2065751.675223214
6388,2972334.1023936532
6617,4445439.0625
12829,1850830.17578125
31453,4790767.411458334
14979,1548167.3041801949
3862,2560341.580729167
53378,871563.2812499999
44289,2909140.314980158
9003,2290154.4921875
15571,1859218.9869791667
15550,658633.59375
4035,1053479.0305961403
2670,2752746.359375
11026,2105904.994791667
10919,1663215.4116499817
2322,1901723.21875
4776,525535.75
8849,2673544.270833333
53377,428457.03125
13261,4464097.135416667
6299,1069296.080357143
11951,993123.0428921569
9887,1615512.53125
8224,1035442.1874999999
46890,771248.5833333334
12660,1445089.84375
11303,347746.06274801586
6303,1089960.9375
15474,861281.6889880953
15532,852525.7316468251
12030,847337.5395329496
14176,1755655.071924603
5128,2186498.6783854165
3434,3716381.8669394837
16738,5130783.854166666
13014,4774986.989583333
6216,1277557.9427083333
11587,1449694.9907638629
6194,1267803.96875
7641,2811613.6877003205
4058,3609998.1708829366
14611,2100000.0
3374,764299.5806277056
3543,1194756.640625
10578,2075275.609375
6723,881541.5852864583
3,3255276.5625
2046,1160416.1770833333
7664,3007014.0625
11025,2429135.4166666665
10761,1181703.3984375
11466,5559282.142113094
10779,3194072.470238095
11895,2169863.823094165
2414,1678949.3722679694
14334,2352492.108857549
31555,1065085.910217999
11985,2853452.0182291665
53667,2504141.265625
32566,4560268.75
11635,1948457.96875
9369,940105.46875
15327,3625781.25
43,1040364.4345238095
13600,3083666.78125
14623,743372.7135416667
7715,4396999.664181305
7556,2958089.31640625
5116,1133035.7265625
14620,180453.6830357143
14959,860462.6860119049
15478,1599027.586807149
5791,1167045.7254464284
53037,1414583.3705357143
10813,2634585.282738095
31754,2441097.28276487
7482,1965993.1640625
12457,1156863.9806547621
12213,1807578.3061079546
5342,3504217.066245387
9699,1485912.7604166665
9344,1090343.8802083333
13593,1807679.6874999998
2507,2003407.4479166667
6733,4039667.546875
12864,2629010.9375
16609,1198756.5520833335
12185,2966901.3268849207
2505,3506905.3890185338
53129,2326970.703125
8995,2254553.932043651
2340,2376973.121279762
6438,1276603.689360119
8308,876621.0430194804
14319,941533.4739644721
53478,2047582.9869791667
713,3413173.1770833335
12979,1470267.96875
11995,4572188.802083333
1737,1514309.1424709572
4448,4644293.296875
16724,3655775.502232143
3780,1214382.4960794414
4772,4054736.8788865213
5796,1578670.399537962
53834,573416.8526785714
6384,1642682.7213541665
8591,1276114.453125
11053,2159553.864366077
45459,2433116.3209945434
13299,2043164.4616518652
2151,1122184.7098214286
16015,2265208.368675595
53552,1296447.7890625
9637,1653363.4493427577
11116,2823148.4375
6061,1183499.263392857
10400,567214.6223958334
3436,1077389.9739583335
33083,1605394.0104166667
11595,2381764.997395833
4783,1833463.515625
11325,2708655.287312514
11152,2754859.375
3363,1964742.7682291667
13547,936392.1875
40473,3062680.697916667
54178,1877623.046875
5030,1207997.4318181816
5290,644662.9181547618
459,1950608.0729166667
15364,3475902.2265625
15038,2011771.6929338023
13308,2431263.515625
6211,6201711.123511904
15445,2842165.9583333335
14494,1579206.8452380954
53442,16232.3046875
1171,1434257.64868099
4446,3184530.078125
7827,2482233.515625
1228,2780351.548772407
433,1919631.316592262
12357,1862664.2175099212
2928,2594875.0234375
9978,1657318.1685718792
13935,2845109.0178571427
11462,2382689.0625
16194,1300000.0
7901,2419323.4911954366
4436,2749650.3515355415
1433,2361248.8430989585
11342,4111756.604166667
14722,2832944.473090278
9893,1347804.5089285714
11179,3077657.9479166665
15150,1951172.3020902711
53739,293726.724555826
11437,6348831.6530877985
12531,2954475.7239583335
15368,2523062.5
7836,1143893.097137237
16526,1775912.3169642857
1719,2109614.973958333
14447,893253.4249441962
13740,5755021.333333333
1889,905666.6666666666
11549,2597940.5546875
626,756569.5684523811
11728,1948077.78125
1162,1395548.5677083335
3098,2723769.5312499995
9885,3707963.921875
590,1689708.9583333335
6131,712109.375
53276,435806.9010416667
7833,573416.8526785714
10558,2608132.1591145834
6383,1356131.779141865
11072,996277.8735119046
16381,1210964.15234375
12046,862386.7153679652
10316,1069510.2306547617
14958,1888805.6640625
857,1652210.3050595236
6360,3044130.860086991
32354,1853779.106370611
1349,1396386.6536458335
54191,319419.7823660714
15207,1712197.265625
9282,2968132.8125
53922,413246.55877976195
15402,2532091.830729167
13156,899187.5901442308
10734,1449527.34375
12246,2451289.0625
452,580574.4791666666
31401,4633671.254960318
33167,2053261.71875
5438,4178762.021019345
3964,1640550.2083333335
54277,497797.7421875
8992,905666.6666666666
8566,1684091.6094951057
1153,604705.6254509379
2920,2663568.229166667
1246,525535.75
7986,4631933.836399429
15289,1504457.03125
9808,2570610.4166666665
13533,1647452.1205357143
42,1319108.0729166667
13927,2532060.15625
7314,2594177.442956349
54167,5763217.921875
5777,2909140.314980158
13664,1986262.390625
2052,266692.67733134923
1131,2131507.9427083335
12757,1183838.4095982143
4196,2412636.71875
31389,2992936.072916667
12683,3409188.278645833
15598,5055644.237500002
1358,1027373.4375
14409,3042280.1796875
14471,2405162.8984375
2985,2470919.8315238897
11699,1627012.3101221477
16555,729205.2538447481
91,898318.2369791666
6137,4623744.96875
36,2534533.1938244044
3599,1209063.1719539142
9462,1597560.6355650004
710,3763305.5611979165
2227,1163279.7265625
14422,3085938.6662946427
32281,1578188.890625
3889,1614398.564413017
9001,2187307.38671875
3512,1301039.3385416665
5198,973759.0130208336
15035,1584701.65759154
9026,1955002.8831845238
10771,3062553.4681299604
11220,2657941.5770427496
32090,1170470.535714286
13971,1744922.5625
4496,1253704.21875
9961,2060607.3988985834
10803,2446958.984375
13546,1533406.413465007
1882,2192915.550595238
2241,794937.2499999999
6206,985978.125
32202,1194756.640625
6292,5451736.356770834
5620,3078251.4880952374
15640,6748845.641121032
5104,2135190.6721922993
4213,2165610.119047619
8255,1965592.581383027
53664,1739884.53125
17,1806785.7172619049
9165,2145000.0
44015,1065085.910217999
7989,2336835.9375
33373,805685.4910714285
7898,1456300.812251984
4211,543256.9010416666
6213,4498513.7890625
54084,1925203.125
1330,1266626.1276041665
8755,5194593.092137795
15225,1742609.375
54088,1739404.5833333335
33189,1974256.5104166665
12069,461398.2979910714
15454,3008776.726174694
15829,2212772.4888392854
11946,1812274.7395833335
12879,2063872.9479166667
31565,264112.94642857136
1410,1449694.9907638629
14648,4007381.9754464286
4372,2313979.6614583335
11495,2765281.2890625
53760,3776705.7578125
53721,943447.9166666666
6810,3173004.7371031744
7394,1440023.492739899
14518,1996434.6875
2831,879408.5193452381
13321,1879221.1867559524
15365,2336775.875
10312,1788563.8020833333
4684,998677.734375
3529,1682512.3851799243
6533,1254205.2392637308
10670,734178.4970238096
6144,1187695.5598958335
1043,3495284.914663754
11547,1332568.3806211147
16082,2631973.9583333335
2470,2043164.4616518652
846,781736.4136904761
13364,347746.06274801586
53542,1041790.4389880953
42459,2908724.581685676
9511,1300000.0
6615,1678949.3722679694
31655,2686937.5
9617,1672198.4375
11318,2303898.5100446427
9800,1663759.671875
5286,4338039.43452381
3428,479725.230654762
51391,2662829.1276041665
1386,1242055.46875
280,1282809.4177740666
11843,971528.6424512987
15371,1728585.9375
14657,1368840.46875
516,2152750.403645833
14314,4946294.642857143
11253,1065085.910217999
13216,1971224.6614583333
2822,1535976.4166666667
2401,2195058.8671875
10066,4289362.348958333
11237,2420147.1354166665
3270,3495284.914663754
15808,4829680.946462391
8830,1142585.9375
6037,5019330.357142857
12850,2032293.828125
11531,2821824.8697916674
8156,2301649.796478174
12797,3313356.3281250005
53272,1525204.21875
8432,1147743.0223128935
15395,1836457.0847988818
10795,4206169.270833333
1720,314181.9661458332
10224,969758.984375
15135,879021.2239583333
6376,3736735.9910714286
3968,599254.21875
12526,2600000.0234375
11027,1531962.6953125
9439,4128229.549107144
9519,3196207.620396205
977,1004713.8151041666
16452,776354.6484375
7300,6259331.3203125
3368,1418325.6541418652
12675,2619560.4166666665
13154,1979528.2858455882
14075,2668339.5141245034
13179,2752738.0952380956
11978,3290511.527101372
9073,1072656.3802083335
9957,2885031.25
54260,463763.6718750002
53394,203744.921875
16469,737112.8348214286
40752,2812377.883184524
13258,1706193.3453125
6799,4353198.888151042
11028,1045204.1979166665
31485,2992936.072916667
14795,2008045.3003472222
9603,2141166.9661458335
16200,2652826.822916667
14668,1940591.1458333335
33179,3843894.3515625
4449,1336955.724905303
10762,6233896.94940476
10642,1419330.9409340662
4128,3664796.875
13330,1347105.1666666667
4996,1601679.6875
3528,1220665.40625
13985,1865068.5109778026
15029,1146013.5018031653
5848,3506905.3890185338
14142,1758018.3531746028
13249,968898.857435967
5511,2649689.8623511903
6379,1622454.0726249877
32638,1751073.5119047621
12418,719425.2942708333
12849,4082319.114583333
10673,4177475.206597222
1094,3633148.96453373
31462,2478085.375
10660,1600225.6458333335
11817,1050569.8177083335
10787,1163987.5230032308
53486,1280601.875
1376,1219069.0520833333
11816,1686276.0390625
2252,2604511.71875
4577,2722766.5162528437
10216,2805572.665550595
11389,3226299.953125
5608,1739362.3697916665
12070,852525.7316468251
5255,1266587.9739583333
4938,2489610.5078125
10235,1896384.1145833333
12833,2880051.8125
12398,4050522.0546875
2147,2184812.6302083335
2827,2790672.395833333
11245,3157483.8930103295
39709,2340655.627699145
10977,1684091.6094951057
10326,1678949.3722679694
16802,1678046.6362847225
13388,2033432.6406249998
11943,4314919.270833334
13194,2224157.7435515877
14845,1756034.371922756
1397,3238350.690513393
13229,1250049.045138889
9874,1574031.8359375
12836,1212636.71875
2658,2259040.178571428
5539,2519493.880208333
14981,3304873.41889881
5040,2306565.1785714286
31383,2241113.1953125
13178,1934166.3098958335
6307,2504693.75
15558,3220308.001893939
41130,1327127.3948863635
13304,2699013.671875
14792,3138143.322172619
7393,7299587.611607143
5935,3255515.515997024
12240,1089662.5911458333
12004,822539.5706507034
3952,2109518.372425251
15818,2096811.1453125
52941,2760851.822916667
13113,1678134.7083333333
13668,2043164.4616518652
53551,2996932.8125
13132,794937.2499999999
13523,3981612.913690476
8077,3252520.3125
14971,4067972.839161706
13750,2674718.8178954585
32477,2078798.3849635602
5624,2669132.530189685
9897,2238540.890625
12389,2883246.6459108386
5627,2534533.1938244044
1411,5535071.875
12425,1057968.1640625
5365,2576587.087391775
2233,3290511.527101372
11018,2071529.0885416667
54011,1549098.9583333333
4691,2997065.1041666665
7572,2403670.638020833
15502,1076976.5625
32478,2418016.9588242704
11313,3357432.4322916665
54297,396769.9032738095
12964,1474861.6723411633
7387,2711719.3016210706
11225,4151390.1599702383
8732,1550773.9583333333
51674,284391.07643816166
3794,1080272.1883184523
7223,2468766.3466145834
31539,2001783.3258928573
12771,5206744.140625
48655,3592901.5625
12492,2195953.09375
7309,2426300.75
11103,1821899.7336309524
5101,3857809.895833334
5779,1138892.4069010415
11301,1911775.7032680863
3426,179333.96577380947
14190,3914474.21875
16518,1438456.421875
15281,1436186.458333333
53490,1032341.7038690476
7626,1492023.8919270835
6,1123596.113095238
51397,1500853.8671875
31556,1853779.106370611
10953,3834756.9196428573
6904,3056503.5859375
9367,1166654.5636160714
31268,1086527.34375
11607,3140859.9386724387
11753,1587501.2767180738
8340,2217250.270833333
13515,1663215.4116499817
53454,1689003.90625
1030,1629790.9375
33438,2166674.3241567467
32289,291564.91629464284
5610,2977806.6039862917
6293,4020121.83779762
53835,389801.89732142864
3532,5110179.6875
8912,3364124.739583333
33159,4454357.9055059515
3961,2081123.0755208333
14456,1017323.3366026336
13220,2054065.724330357
14574,1349776.8411458333
9528,1826488.6536458335
13114,4048778.645833333
4422,1597560.6355650004
3179,2640361.765625
7391,1209159.265625
10386,2223353.5182291665
6305,870782.2885664683
8066,1760574.5442708335
14903,2200919.9166666665
7822,1823819.0026041667
54209,2506147.03125
32981,3775657.738095239
11393,2987529.5928030303
5037,1988549.8511904762
15614,1043251.3489115051
2755,2233566.7317708335
9705,2677343.75
3250,2022909.5703125
12426,4730577.5140625
5864,3196694.785409903
13749,1548492.435515873
4305,2197748.9583333335
14853,525535.75
6789,4970454.427083333
11648,983037.3883928572
1484,2385183.9453125
11317,2451289.0625
5185,2259040.178571428
12520,446395.2890625
31472,14787608.517609125
3514,2334032.123286206
15375,1533406.413465007
16792,2171614.0618799604
11640,2492885.677083333
1885,1404929.2677808302
6816,3459667.152552309
4221,3472858.0863929912
10484,3846535.5765625
15418,751610.4606331168
5354,4820971.866666667
15397,3480820.987280948
8252,3652091.2233382943
5344,1309284.089203351
15345,1649466.6666666665
12910,803675.78125
8823,1756406.1513573227
13289,1295984.2038690476
14439,1808869.7916666667
363,2011264.9091360024
14529,1763904.6875
6145,1179067.4386160714
8331,1277557.9427083333
53392,1305015.625
7565,2841551.041666667
11471,3090839.6661931807
31283,607595.515429198
4056,3472858.0863929912
7554,4084650.223214286
7990,1386395.0303819445
7717,1419330.9409340662
14898,1966324.2265625
1166,1517491.40625
13595,1017885.2072977278
4208,1788939.453125
6973,1658109.8195424376
12664,2389488.1770833335
7643,1959951.9184084143
32728,1616837.332589286
293,1091870.5357142857
14063,1449694.9907638629
12307,1250246.5104166665
53380,1425753.90625
15028,5276101.765625
1114,1309284.089203351
15437,2748896.546875
8413,2384533.734375
14103,37253.22730654763
11248,1867221.4960937502
15206,2884326.09375
12687,1875369.609375
6056,1121943.6328125
11628,2357430.5022798385
4045,5402523.30785534
16444,3548439.9739583335
3954,1815268.5311582293
261,2395818.4285714286
53477,1382297.1354166665
12186,1233315.040922619
1662,3572447.265625
16807,1600956.5066964286
10744,1597560.6355650004
31630,1990062.9960317458
14577,2659792.138020834
12367,4365304.375
10137,1524101.3484375
10982,1666572.4557291665
8905,2841505.1953125
32023,2498929.6875
32738,2626351.464285714
276,1304370.1633652803
15534,825714.1796875
11197,1523692.3137626261
2649,2494392.71875
5263,2623936.774475524
35789,1297887.7125045091
12650,2089431.789434524
33291,1710084.6432291667
12653,1758444.6648403674
8500,1970942.4218750002
12326,810820.3125
11644,2691890.625
10817,1006627.03125
10154,3827741.080729167
10882,2499061.409672619
11115,957778.8329613095
4049,1723539.0625
53358,2009321.09375
31816,2976718.7911914485
13084,2861338.4375
15208,2147639.4565070346
53722,306656.0639880953
53297,597735.6254960317
13609,2271227.2843124946
10758,865821.5959287386
9622,758923.5231547522
1973,1614398.564413017
11574,3155694.6688112747
33198,653789.0860658438
41111,5303593.266369048
51499,3154134.375
13094,1683455.46875
11080,3433421.9375
4375,1632539.0625
13464,1862352.4869791667
7900,1227609.6875
14498,1075162.233280602
14010,1551520.3802083333
14177,1081755.9322916665
13064,1511604.9661458335
8674,2458796.968005953
44089,3204846.7869977676
7493,843054.1294642857
31724,2995685.0833333335
1027,1729054.6293008206
12118,1377039.0625
13731,913260.4166666666
32983,3652301.3229166665
3109,1209370.0756448412
6129,2032713.427951389
14323,6864857.6171875
15603,2669132.530189685
13358,2331033.9440724207
2770,2515046.518229167
9356,2107606.8229166665
54081,1154111.5859375
2764,1886138.6546396315
14858,1562124.6663249435
13259,1923692.7274816176
31217,6235271.615775719
13951,2601538.087797619
6202,2577627.1827876978
31668,2417181.672303519
12288,1683824.8606601732
14157,927878.3482142857
13219,3421864.0442708335
15081,1514309.1424709572
52942,1383578.125
53927,610682.9799107143
5091,1756034.371922756
53925,280570.31249999994
1593,1619673.59375
39154,1614398.564413017
3003,596510.9597998764
10069,1774242.8723958333
6959,1099788.9133184524
6817,1153004.493371212
974,1458051.5372023806
6951,2292816.283854167
11658,2466884.892113095
11326,322870.1352250181
1963,1544795.4055059522
2245,601231.7265625
6866,425128.75
2154,3660310.9375
7658,934955.4921875
33449,1231105.09375
41661,2688329.9479166665
54263,646801.5997023808
53458,1205490.234375
31468,681734.375
15517,2105446.614583333
2571,1078010.3430803572
52930,1028006.7708333333
54030,2986414.252604167
8685,4048655.46875
10983,2364302.369791667
51506,3005816.4140625
53280,299897.1354166667
10832,1202276.3958333333
9375,320470.9542410714
8238,2014127.703125
6544,941533.4739644721
10582,2548284.1145833335
11044,2396927.4012896824
16016,2515046.518229167
6806,550053.8958333334
606,531541.3735569983
32183,1394468.2291666663
15232,376577.08333333343
14160,1161750.0
10239,1361175.921875
4589,2751651.545014881
9778,1907765.91796875
11205,4879707.03125
6454,1230785.9973958335
54210,2021792.5859375
2647,1458725.3385416667
13506,1756406.1513573227
2567,1372204.6831202651
8005,1105377.5833333335
14123,2439085.8984375
31306,1142585.9375
16612,695156.25
32462,630180.7910466269
16445,2334032.123286206
10241,4869303.198490311
12267,1141881.3046875
13328,3310848.5703125
12731,1065085.910217999
13266,1355381.2144886362
4209,3854330.7291666674
9175,2386289.0625
3183,2244557.582487825
11030,656406.2556930917
288,849868.27485219
1332,1503562.5
13195,3153465.9204727565
7155,3593505.208333333
46520,6443509.671875
2030,201360.67708333334
6966,3461133.2604166665
51469,1831381.1911458336
52857,646241.5364583333
14342,4439144.791666666
15149,2778138.2961309524
53087,369251.953125
7982,1900345.8085317458
6291,5557353.8359375
32290,1798875.8060515877
6727,1583609.4375
13974,609914.5980113636
31398,2326186.9419642854
6621,884885.6091824843
7408,1545838.3671875
4598,5373781.25
33452,1355382.478298611
7747,3636656.151041667
2319,1354285.0756448412
3205,4679927.666666667
12585,815195.6822916667
9110,2802397.7194940476
15516,1774289.0625000002
4435,3276182.330729167
14184,1304370.1633652803
31291,1965830.9895833333
10737,1423938.357328869
1079,2470919.8315238897
15435,2129486.19140625
4052,2332253.5807291665
52829,976885.081845238
12143,2364857.7241443456
6233,2722766.5162528437
1609,688352.4375
5772,1449694.9907638629
42494,3273164.1953125
207,7067773.4375
11209,1364765.6328125
31370,2588495.421875
13062,1461082.746832161
13751,2095962.7046130954
702,1928244.2038755522
13450,2678199.898189586
15297,3547232.942708333
11833,1429040.6875
12195,2861338.4375
13536,1219410.900297619
16729,613058.2232142856
44993,4476508.6953125
51600,705548.1770833334
1037,756645.461309524
14121,2789382.625
9781,1407859.3129960324
12384,6697738.746279761
15590,1170470.535714286
6111,763244.6180555555
10040,2895586.1066017314
5361,2925445.3125
8840,1203238.1882440478
6538,3290511.527101372
52932,3349137.46875
11671,944893.3940972222
103,2334032.123286206
6705,560790.4427083334
2773,1751073.5119047621
12274,2230399.518229167
31905,2036710.0012400793
9179,1167977.1536458335
6722,4392853.515625
54203,2064921.875
7627,1578670.399537962
6377,1230150.7006448412
2758,1300000.0
6200,4104689.721354167
4383,1293084.8348214286
15549,4377357.0234375
52853,2237595.1822916665
1490,5361723.121279762
31830,2708655.287312514
31570,1245240.4661458335
10121,436478.90625
33020,2247979.2809015177
9112,2474279.4270833335
4203,1418462.3883928573
16616,768663.0859375
9358,943290.484375
5098,809808.59375
712,3273151.384672619
1701,2927007.4776785714
6463,568297.65625
8141,4656875.0
841,1852695.3125000002
4835,1146013.5018031653
2840,1391773.0963541667
435,330826.171875
13868,1176913.3151041665
12767,985004.6927083333
9877,1075162.233280602
1033,1743532.9843750002
8918,1924821.875
32271,788291.046875
12222,3842162.1640625
14056,1881129.5572916667
1167,1350986.6340587798
130,2077508.1380208335
11829,752398.4375
11913,1597560.6355650004
54280,284391.07643816166
125,758923.5231547522
1256,3984630.78125
11219,1548167.3041801949
11500,3250099.9366518897
13529,1778205.0941625652
7238,3638207.421875
15349,1238518.828125
32284,279446.8098091145
9269,2845109.0178571427
12694,1797628.3761160716
12921,2251474.565928863
7647,2099557.3586859023
2983,1543742.4047957251
47672,1663215.4116499817
11567,7400000.0
10217,1299337.2395833335
8422,2470919.8315238897
8493,840787.8571428569
1371,369251.953125
970,2042000.6171874998
3050,639198.5677083333
11136,1959610.8254464287
1975,2031075.0
14723,2071529.0885416667
14451,351892.578125
8568,695000.0
13944,2404594.217848124
2563,2238522.697323401
3113,3044130.860086991
14559,1352945.4427083335
12255,1703933.314341908
53661,1808461.328125
12049,2099557.3586859023
936,2564859.468005952
8934,1370881.5104166667
14618,2554909.103732638
7284,720686.0887896825
14419,1075162.233280602
9247,5571623.279389881
8761,1820937.2013888888
15839,1093394.9572172617
16070,3273151.384672619
6525,1881386.5494791667
5534,4188271.8437500005
14348,651166.1531610751
52844,496548.1545364358
13170,5406033.65234375
6780,3773910.567708333
51567,3974423.1848958344
1571,543256.9010416666
10948,1980530.46875
6977,2711719.3016210706
12128,2318477.453125
53631,166497.39583333334
5169,3267205.8515625
10800,1045407.8776041666
5087,2401628.59375
11468,1489103.90625
15291,1680981.2127976187
10560,532999.3489583334
5974,3661792.799302651
12504,5361723.121279762
2849,1469765.9350198417
1712,657773.1770833334
54204,1560910.15625
15806,4568125.140625
12548,3570707.070052083
32532,2470919.8315238897
11195,2237178.3079117066
3976,1641466.766927084
5878,4316610.148965618
2057,1715752.7008928573
12385,1622454.0726249877
8903,2325046.875
15431,2270253.28125
33182,2730449.3035630626
52840,581867.8819444445
51400,1054776.4817708333
14639,994848.5243055555
16198,2778138.2961309524
5420,2949464.8645833335
4273,1875138.8020833333
14522,787750.4708468615
11425,3688727.5895228884
4356,3795316.1068638396
32538,846827.5979662698
12662,743764.9074233059
11139,2352492.108857549
51327,932918.75
12992,3345100.4810049017
11101,1726822.027843225
15325,1758018.3531746028
6041,321145.8333333333
14437,2830504.4022817467
4026,645212.1875
9545,2945750.1171875
8323,2487494.7916666665
12985,1619166.515625
11435,2420545.014880953
53381,3761563.2812500005
4112,5038260.625
13683,2109518.372425251
14062,2977806.6039862917
12652,2682956.287202381
4354,1836056.3888888888
11111,1971292.3828125
198,3064004.861979167
1127,4007031.25
7317,2998837.28083982
16197,1264834.8569399351
1602,1908326.5438988095
5782,4400461.336202426
6984,2074575.78125
7837,1950947.3360840552
1792,2608132.1591145834
33279,3938864.0625
8899,1738939.646577381
287,1868675.0118371216
5173,2688114.6980406744
6375,768940.1458333334
5034,878837.0028409091
31751,4827298.619791667
3795,787359.625
31466,2576587.087391775
2474,4596115.970153673
42668,2273784.546875
53718,271416.3566468254
16084,1658109.8195424376
12590,1582519.54296875
7385,1484492.9292816557
12584,2926548.3630952383
12648,1226865.890625
42276,3043688.1510416665
14235,2364857.7241443456
15283,2398351.953125
13176,1449694.9907638629
12554,531541.3735569983
32370,2105446.614583333
15809,937604.521780303
6284,4691820.3125
3797,1005883.859375
10840,1604381.625
13525,3423743.3240327374
3001,5238606.770833334
5684,3866352.1515376987
12173,2592669.270833333
1312,2931871.7890625
8327,1309284.089203351
1387,768663.0859375
12886,1086074.21875
8245,3157483.8930103295
1144,2435375.0
428,1791111.2196180555
31371,1031439.5059523811
341,4119027.9986979165
15099,322870.1352250181
12880,1058745.0
10769,1570809.9479166665
3354,2016403.2473958333
12945,2663333.1053571426
7490,1714216.6732141122
5515,1353126.353219697
5673,706619.7172619049
3009,5183713.729166667
2994,3355109.58203125
4418,1744922.5625
10568,1525000.0
131,1454095.2317708333
6309,2074816.6697916668
11727,1749462.9760547068
15192,1756034.371922756
32113,3355109.58203125
46523,1911563.8980034722
13873,1630642.96875
12656,601787.4633928571
14265,758762.7105654761
14238,2849844.4140625
12843,2553546.5428571426
8478,941533.4739644721
12095,672112.0182291667
5450,2801895.6727768756
14553,1021827.7157738095
613,1899064.4965277778
19,1639529.78515625
5520,1119498.9140625
11702,1701088.5286458333
2509,2259040.178571428
12319,1293197.0424107143
4680,3874226.6015625
9436,1061945.3125
10556,1576758.0088141027
32453,1194756.640625
8931,1535631.953125
11339,1885045.7941038993
14449,634930.4105902778
5208,1147748.1450892857
32537,1058043.109375
11841,882201.0416666666
14773,1091411.4583333335
15360,3008776.726174694
3450,3290065.104166666
7575,3453671.875
15509,2613194.1413690476
9164,2872515.625
2385,2241600.8432539683
32117,781736.4136904761
5285,2159553.864366077
8682,1375664.7369791667
5275,1424027.0096190704
1960,3653348.5625
31365,1872153.4998472724
32457,1546363.46875
16079,1511385.4492187502
11545,3500035.613715278
15468,2564859.468005952
16260,2659292.825520833
33464,923509.1145833333
12382,1469343.2291666665
15491,3612591.145833333
10471,2623936.774475524
51502,960730.8203125
10300,3472396.425612249
2562,2169863.823094165
1046,3977257.8359375
54206,292831.25
53932,3399521.09375
6944,3381821.2994791665
10841,2708655.287312514
7899,3944828.125
11271,650949.9007936508
12567,2154009.1796875
12430,1751073.5119047621
54019,2570593.7604166665
12299,4396999.664181305
13019,3661558.984375
1968,3250099.9366518897
1608,793187.0096049784
12802,3990773.4375
10391,2006141.2140376982
10675,1798875.8060515877
849,5362671.5390625
12638,1720956.1927083335
11584,2649689.8623511903
1799,1478498.263888889
0,1554310.3157692999
15414,459481.7708333333
8985,1076994.2797619049
2163,1668882.03125
3706,758923.5231547522
7380,4464094.512908965
9194,4416901.510416666
31293,1032195.6510416667
14263,1380879.650297619
13208,2700591.265625
4420,2752738.0952380956
9948,1616451.1875
15543,2786085.9375
11090,3033503.8411458335
13127,5319161.277676315
10229,1098096.1469494046
6446,4615387.046875
1184,1071495.4635416665
54296,1617556.3645833335
31286,1710121.4192708333
7201,1773705.7916666665
12428,2231398.062872024
13076,482151.0416666666
5856,3095186.056998557
6887,496112.9140625
7032,678142.8047044103
10751,2714311.890625
6950,1141352.8645833335
12152,1476074.517992424
1427,1443865.8416491596
1139,749228.515625
11939,1622678.80859375
15511,3262899.7923768936
1636,1528715.234375
32022,4122070.993084734
13539,2227857.3828124995
12033,3258520.484871032
33009,2788754.990147006
3337,2475324.739583333
14255,704691.2456033551
53499,2542.317708333333
11491,4990132.291666666
7727,2319713.5416666665
7648,3689733.361328125
11265,1743789.5078125
9625,2333292.96875
10661,2704046.590909091
424,2184676.832217262
11112,1715630.0037202383
8089,1800975.6324404762
12785,1493713.671875
11577,2099557.3586859023
3888,1605394.0104166667
1324,6448740.508928571
8138,384309.46180555556
1590,3560012.0511363633
31549,1835947.1822916667
13242,2037521.09375
5866,1426134.2633928573
6811,4052283.289029807
5952,1779986.9791666667
31397,3278500.0
10591,2842796.8828125
123,1462695.2421875
959,1659083.25
4950,2000382.9985119049
53123,1721671.640625
1706,4121835.9375
31736,2818186.616415043
10933,2631973.9583333335
46683,5249732.888520701
48851,2332735.065904018
14718,621010.8506944444
5277,2038016.9895833333
12463,2365771.875
12572,5016573.6796875
13166,1890526.2784090908
13445,4864191.5703125
52818,910407.03125
1098,1548167.3041801949
14000,2102336.90625
1547,2213265.4453125
52909,279446.8098091145
1425,2568143.229166667
2659,1416100.5285122863
12581,1572055.9895833335
7737,1658109.8195424376
7652,2725379.765625
11919,2169863.823094165
6117,4339603.1328125
5522,3913079.7421875
53105,1533586.3359375
14796,1411614.8151041665
11938,2713318.4895833335
1783,2109518.372425251
10939,2909731.9934210526
12019,2011771.6929338023
15488,1528715.234375
12000,1948637.6953125
11284,1068129.6875
51572,2844250.0
7974,2771430.5317167207
11198,1182611.9791666665
16447,2169863.823094165
11162,4130869.9776785714
12477,3383204.6875
13027,4460197.05952381
54098,267272.38343253965
11377,1329610.6204696484
5271,1349201.8229166667
12158,1284364.849411232
2165,3184359.375
13530,2977806.6039862917
9969,3256035.924479167
11957,3006483.072916667
4386,2544240.1481656367
13086,1868982.765625
2988,1758005.2083333333
7285,2078798.3849635602
4291,489131.13839285704
2331,1944581.1383928568
13124,1168958.7727678572
13190,4266376.40625
44829,489131.13839285704
9614,2333292.96875
10937,5848058.59375
9437,968234.4358766234
8401,695000.0
4675,2814603.7473958335
16371,3477687.4999999995
1584,2539757.0596590904
7890,1376744.8288690473
2039,1544433.59375
6553,2271227.2843124946
53642,239726.19047619047
51575,526203.515625
2578,3382384.672619047
183,2201794.392902237
10864,1602386.9635110295
33362,865821.5959287386
1869,376609.8121279762
7820,1551263.2630208333
53632,699687.5
13058,1613531.9010416665
8586,1575455.791170635
1472,2179129.947916667
5453,1597560.6355650004
16614,1397699.9609375
1942,751354.8764880953
8427,316236.7287660256
33454,14450127.435763886
3696,3370981.2317708335
11230,1142585.9375
8264,1778840.7265625
13509,4287051.140625
11931,2679935.3670634916
8828,1644763.4427083333
9425,3078251.4880952374
4041,5559282.142113094
12793,2043164.4616518652
7206,843646.2983630949
13209,4775851.953125
13010,2708655.287312514
4576,3137941.2991522364
11417,5451602.982691592
4300,2105446.614583333
45968,3135584.256238552
34271,980700.1410590278
4272,3476395.9296875
890,2521672.9375
1047,950075.3964026422
5698,1289934.5088541666
6453,475957.7890625
6563,1942096.2473958333
10991,1751073.5119047621
8258,1245428.7574404762
3517,1309291.561235119
15616,982720.889136905
13158,1698573.8904166666
10945,4464094.512908965
14386,1242059.8845598854
940,3495284.914663754
12238,1020107.5584571679
39804,4970235.9375
1354,1597560.6355650004
6115,1175459.2578125002
361,3304873.41889881
966,2802397.7194940476
1157,1670566.40625
2989,1130848.5505314108
32549,841717.1093750001
12703,1903550.0228118238
6136,1514309.1424709572
5351,2590946.3975694445
9701,1790955.078125
5612,1225481.0717927907
9634,1758018.3531746028
32027,2909140.314980158
12550,3459830.436056998
16097,1751236.9078621033
12179,2865071.290550595
3648,2751900.390625
12157,1178250.9244791665
5439,2373610.6770833335
32105,3504217.066245387
16552,3066649.578125
53659,281630.6483458519
11959,1592701.0859375
54001,4311239.3515625
2416,4263439.059895834
9248,700037.7173123037
8827,3888031.25
9256,1975481.222876082
14341,1910511.0987103172
53187,2431675.7578125
14318,3495284.914663754
10214,2110538.3882812504
12580,2001400.892857143
54118,295055.3385416666
104,2930767.0213993904
33091,4187032.7287946427
10794,914143.8880208334
15429,953927.3200757575
53940,2064834.8333333328
5276,4138819.645833333
12481,2660939.78125
1709,1797525.890625
5690,3492908.5777073177
15482,2364857.7241443456
270,2529193.591145833
521,1853779.106370611
16446,930617.59375
5528,2135190.6721922993
8061,2509271.45859375
13089,3834756.9196428573
943,2694884.3140811017
14210,1843123.4765625
14496,1578670.399537962
2152,1048666.3287450392
5021,2037986.9801432292
10126,5217555.147058824
32448,3883146.09375
15547,2835269.7916666674
5192,1973766.1830357143
7404,2998837.28083982
1093,2074012.7055058398
8232,1773438.1484375
10146,1571056.9782366073
10405,392609.375
11634,3779710.0625
14373,2273407.674479166
11679,1650335.7514880951
3419,1167332.2048611112
1327,2469028.1087662335
1785,3686695.3125
10044,3382384.672619047
3602,853656.25
132,850859.1145833333
9542,2576587.087391775
7286,1542693.0260416667
4934,1657318.1685718792
7217,2251474.565928863
1638,758923.5231547522
6361,1396820.7879774305
16463,1767147.7306547621
13023,2699013.671875
6964,2776549.4791666665
12667,1560085.2708333335
9772,817132.890625
2236,1065085.910217999
31632,651094.5343501985
10944,2595160.859375
10392,1370327.6599702379
6786,716580.6547619049
10887,798712.1901041667
3260,3488125.056423611
8345,2432740.9228515625
451,758923.5231547522
13244,2470919.8315238897
12932,1890121.09375
14041,1778205.0941625652
11929,604705.6254509379
538,1749462.9760547068
11741,1683824.8606601732
11980,2780351.548772407
53569,371344.17064055736
12164,3094325.78125
12047,3593600.419710346
12960,3780863.7801339286
32742,477459.6354166667
1703,403050.78125
10420,2403670.638020833
4664,3688727.5895228884
12212,3220308.001893939
2471,2946493.359375
10410,934145.6666666667
456,1584865.8854166665
33431,1744729.2410714286
184,1434257.64868099
12306,1995048.779296875
16073,1286836.5699404764
14191,732308.606187996
53735,369718.7499999999
100,831991.21875
40863,2188441.9270833335
7644,3138887.479817709
7749,2135190.6721922993
14455,1688851.9765625
1722,678506.9010416667
256,2877847.8515625
13369,2272386.991924453
10039,401908.8541666666
1311,2227632.467168899
8670,716892.2162472943
54292,6659474.609375
5433,2419519.996279762
3972,701356.7109375001
11063,1973053.2565104167
939,2335341.1848958335
5259,1163020.8333333333
11213,2235740.5986979166
14802,5544703.90625
52831,633779.7690972222
2027,1246196.3757440476
51599,1258510.234375
2909,1624044.2708333335
9713,2323419.5494791665
1045,3834756.9196428573
2729,3759189.9348958335
8836,3250099.9366518897
13136,2621454.6067708335
9017,2738922.96875
10068,867259.64453125
13878,1463503.90625
31395,3454260.9375
10332,2669964.192708333
7303,2278795.169890873
52918,1533547.9192708333
53196,1627333.75
9720,2536697.565104167
8237,5673306.826636904
1554,1459801.1510416665
9524,1590958.6197916667
2306,2662065.2994791665
15513,5072070.3125
8241,3043688.1510416665
6554,1283963.4427083333
12736,656406.2556930917
13746,962181.6028589467
8596,2664058.2630208335
15436,2385199.3984375
1342,5059648.4375
33265,3938864.0625
15423,311402.7157738095
11331,2244164.140625
12995,2676365.5212053573
8243,3952335.065104167
16176,1680714.9739583333
31491,1854914.6301232465
5764,2654392.5
53730,824828.9930555555
7069,604705.6254509379
2848,1372161.71875
34532,2277421.595982143
539,2339136.71875
6777,3999405.0703125
1148,1038063.25813943
7716,1058745.0
12374,5319161.277676315
6018,780265.6901041666
5541,3183311.9996279767
14397,2169863.823094165
622,5758464.796875
1319,3492908.5777073177
15194,3590053.453125
3290,3721571.7385912696
6619,3798389.601934524
6221,1597560.6355650004
8743,2742778.8098958335
9020,867259.64453125
6978,1863172.6536458333
2229,2782105.003720239
12711,3336808.1484375
1129,2043164.4616518652
2681,4193255.216145833
3518,2065707.0684523808
14020,4396999.664181305
8502,2654392.5
15469,862480.9244791666
16524,4084650.223214286
12489,2150766.0
31833,1678949.3722679694
9273,1304370.1633652803
33090,2173261.0677083335
1050,4485386.177083333
11404,1152672.8337166307
13211,4933096.354166667
13946,1908670.6938244049
5366,1760902.027529762
5204,3288908.6458333335
379,1365953.984375
359,1414440.655431374
15301,1819408.2508203606
9077,1243626.8541666665
13359,7942738.109375
11539,767571.640625
2254,2107606.8229166665
12400,1108730.5234375
53365,1175609.78125
7379,1703933.314341908
9779,2215538.0579427085
14615,336852.21354166657
10320,611406.1485389611
9898,1075162.233280602
2744,1703933.314341908
11498,1199385.0299777475
1265,3793414.7321428573
2663,1483781.2816523751
4365,2166674.3241567467
12602,1677804.6875
2677,1751073.5119047621
5591,1961917.15625
1345,835449.8125
115,758923.5231547522
13286,2585612.912326389
10070,531541.3735569983
5282,1257297.25515625
8155,2981779.6528445515
15273,2156697.2976190476
13344,933300.2693452379
14847,895901.9438244047
14462,4313964.037154686
7883,604414.0625
14284,746653.5807291665
6123,259882.70399305553
15438,1075162.233280602
9794,1143893.097137237
5957,1720564.0811011903
5851,1309284.089203351
16188,2285546.875
51480,795578.515625
4039,1730366.6015624998
31476,3854330.7291666674
10318,2045969.4427083333
427,2423094.742931547
31726,3688727.5895228884
12948,4089664.0625
51388,1311444.0104166667
12861,3072658.3203125
8748,3842162.1640625
8374,34967.05729166667
7389,1849160.46875
11048,3105607.1614583335
9189,1856849.0216684358
8898,3679504.4704861115
3251,5453336.776785715
30,3018590.96875
14217,1416787.1945684527
3698,2427951.8229166665
16178,2037437.5
13747,5055644.237500002
9620,923157.0746527776
2217,777263.1987847222
53177,2865853.848958333
14413,621189.4981026787
3199,2503085.208333333
8235,2301649.796478174
10572,3527288.34375
32001,2840283.1101190476
3271,1366389.5833333333
6549,1764684.8958333333
2754,1196139.9424535537
1121,1822937.5
13745,1668583.8541666665
375,2267140.541666667
8665,1682896.7436981422
11277,1840834.8958333335
10308,2025429.7267857143
12820,2393205.7747395835
54002,2051673.34280303
32372,2253715.8203125
11035,3106363.03125
12588,1048666.3287450392
10677,4829680.946462391
2150,2205476.0
13800,3270437.53720238
54076,2715405.1339285714
13744,652666.9823232322
12882,1062703.125
7738,489968.0
12182,1792181.5666429924
12008,865821.5959287386
867,235502.92038690473
8758,3052699.5066862823
12642,3661792.799302651
11364,2011771.6929338023
1735,2525706.9806547617
12344,2285675.660922513
53758,777175.1302083334
51300,320379.7734375
9196,3808518.7944010417
14310,2476207.03125
4672,1703933.314341908
10786,2328326.26953125
14029,1151337.3697916667
13267,1062179.6875
1314,3340231.770833333
5443,1163987.5230032308
10972,687008.59375
14895,2594177.442956349
53634,752411.8359375
32459,2169863.823094165
14857,1836457.0847988818
9431,4472589.459765624
9815,2382689.0625
12040,3550112.7682291665
1811,281630.6483458519
53127,1086653.6458333333
1982,1714216.6732141122
2652,2906328.125
14065,590927.6785714286
11226,1459290.6067708335
13994,3816293.8802083335
10814,3593600.419710346
12300,2197955.046875
7821,3668728.0182291665
11940,2569648.4375
12354,2569729.291858315
5964,2503441.796875
2565,712109.375
14410,531541.3735569983
9543,5449612.7890625
286,1935257.734375
8595,3442000.0
6310,2427951.8229166665
12037,4303928.125
3876,2771430.5317167207
3283,1575455.791170635
13368,3478046.6432291665
4582,817343.75
39528,1678949.3722679694
6142,1321678.8203125
53109,657296.875
12247,4059312.565055216
8514,695000.0
12054,681734.375
12224,1746027.9713541665
12149,2735467.338666099
14266,2206660.9002976194
687,2259672.3710317463
9812,1575159.4866071427
7229,1722888.1318317098
3451,2700248.6921874993
11273,515963.671875
12953,1756034.371922756
4362,3062586.4244791665
7205,2270253.28125
51584,2086609.9702380954
15826,2502038.3184523806
8738,695000.0
7560,1226604.0029761905
13142,2172422.2734375
12216,784704.0152529762
13055,344237.53720238095
6474,5832077.604166667
33180,1117752.3385416665
33005,4534721.028645834
118,950075.3964026422
6613,785799.419921875
11509,1282809.4177740666
15425,2562691.3958333335
53537,4043473.921875
40401,627415.0394440629
32558,3044130.860086991
8826,2304342.213541667
1264,2232615.4999210862
3725,2840283.1101190476
31553,3699331.5390625
53211,2227281.829861111
31203,371344.17064055736
15512,2259040.178571428
2503,1011683.1145833334
12381,1068129.6875
9016,955813.6197916667
1616,829224.1357492335
12604,3183311.9996279767
12252,3510107.03125
14951,2039258.7239583335
11760,1853779.106370611
6790,1853779.106370611
32733,765820.703125
12165,3017006.3779761903
12539,1640169.375
12198,1708850.911458333
10770,1690905.8333333335
12818,1250049.045138889
7050,2795476.5625
15803,785422.4175347222
11183,4127967.6471354165
12356,1548167.3041801949
3893,1198007.257446113
16532,3048135.6119791665
8581,2006583.771343986
1329,319622.61284722225
14448,4217007.614583334
5442,2675751.171636523
13505,1150758.0930059524
52820,1252781.7770337302
6471,1750434.8958333333
14329,1678949.3722679694
13073,2390737.118675595
14483,1324540.5071924601
16183,1264834.8569399351
5005,6718046.101190477
16112,2093902.6170899267
3105,1959610.8254464287
95,1803106.1177286254
11084,802927.5833333334
6046,1169855.6202400222
9347,1190166.6238839286
14530,279446.8098091145
12402,1168111.9791666665
8507,1597560.6355650004
4939,2908835.0539434524
9103,1970088.2161458333
8673,695000.0
51472,280570.31249999994
3788,2612525.9385146103
16617,835212.7335069444
42940,3048347.268178105
4954,1595233.59375
1945,3444497.916666667
12416,2334431.0994994594
8239,1377184.114583333
5631,1053479.0305961403
14787,2175916.2230998166
1649,4118890.625
8325,695000.0
15405,1724625.8866567463
53998,2906328.125
3358,1418325.6541418652
42634,1146013.5018031653
10588,865821.5959287386
1493,2109518.372425251
11170,5249732.888520701
13274,3652345.3690476194
13968,1800975.6324404762
7237,2169863.823094165
1341,1433242.5260416665
11069,2972334.1023936532
5209,2907087.0792694306
1729,2165152.408854167
11974,4830083.9375
49124,3196694.785409903
51394,775261.1793154762
9339,1592537.48046875
2741,3688727.5895228884
12670,4730547.447916667
12875,4967036.210317463
14032,1704828.84375
12578,2435375.0
8686,1309284.089203351
956,1921643.640625
14982,5790627.011904763
9454,1289389.6205357143
10587,1770929.6875
52921,307594.3844853829
10301,380777.72597824037
5951,4316610.148965618
31,988669.5498511901
15448,1669007.587735615
1654,2649040.690104167
11446,1981246.1979166665
14274,1914493.5150049606
9176,4087705.3285256405
7561,2160296.2109375
31460,1798875.8060515877
14021,2296618.1640625
13514,3481481.4713541665
6270,1130848.5505314108
9532,2458890.0446428573
1983,957059.765625
32104,2666605.7453125003
1598,1778205.0941625652
2043,1384882.8125
8855,3333236.604944813
5019,2536727.73046875
7991,2889720.46875
31211,950885.646875
15456,901201.3020833333
14108,1737874.499198718
8683,966070.703125
1607,1341902.5072150074
2221,1373587.4410962302
8265,21132.747395833332
705,3919463.386904762
4037,2712525.520833333
11423,2114974.0859375
1323,6242135.974702381
769,1968241.8706597222
10144,1077284.8958333335
4389,1992506.09375
9721,2765941.4650297626
11129,1225094.65625
39,3238350.690513393
1469,1450989.5390625
6894,1234111.328125
10792,1163987.5230032308
5334,3506905.3890185338
2929,1415192.1354166665
5102,4946294.642857143
11947,1416100.5285122863
7122,3229834.449404761
12784,2977806.6039862917
7131,1528502.2734375
8505,1902449.421875
15036,1065085.910217999
2842,3024440.876839528
16533,598115.9166666666
11693,2087589.7096354167
33456,531541.3735569983
7813,1216163.7583770396
6534,5249732.888520701
7979,1109650.796875
7972,450502.2109375
514,1414864.2708333333
40411,1546048.0390625
50128,2998640.122767857
9263,2043164.4616518652
8676,3593505.208333333
12929,1244452.5669642857
53645,403050.78125
178,1186970.5219494049
12692,2576587.087391775
33068,2090556.9505208333
14588,1218334.6190970486
10837,5070428.602430557
4859,5038433.8515625
2412,1305125.5859375
8986,3907485.15625
5358,1292561.25
7665,2678199.898189586
6702,928345.703125
11449,2568143.229166667
14538,1025152.8645833335
3507,3107614.0625
10573,2046441.0885416667
4453,3234140.859375
11065,3710010.9375000005
11712,3453671.875
5530,1235817.7083333333
441,700037.7173123037
32533,5627424.609375
32191,988669.5498511901
431,1122260.9375
11923,1725469.1614583333
15751,6018835.9375
4935,3203071.745580807
5203,2112596.650235615
10929,2594592.6875
10829,2785398.9602864585
1235,2813398.9955357146
7221,2311752.5078125
13171,2475664.0625
12928,2857257.03125
7388,4245886.798611112
6442,634930.9765625
16201,2347655.3199404757
12132,2231939.296875
368,1836313.523065476
3115,2678199.898189586
3052,4136842.447916666
11002,1274945.344965278
12161,1197868.75
1668,4515995.6171875
13362,1622454.0726249877
15086,746653.5807291665
8487,756645.461309524
12981,1153753.1770833333
14402,1533406.413465007
9949,2100000.0
1500,1800975.6324404762
16021,1764138.6718750002
8151,1362482.8623511903
7976,2889720.46875
14352,1906673.1770833333
53832,343240.38938492065
758,1143893.097137237
1432,2268356.8031708896
4106,3426159.7656249995
6450,843054.1294642857
9536,1065085.910217999
4290,852525.7316468251
15323,1340572.4516369046
16354,1542693.0260416667
11678,1799479.1666666667
5284,1629790.9375
14850,2998640.122767857
1086,2905684.994915675
14548,992371.3229166666
629,910931.5476190477
51392,2048643.2291666667
3590,339874.77301344497
11448,3355257.161458333
11173,2247979.2809015177
40481,1511604.9661458335
15157,1603589.1770833333
1367,2006583.771343986
7810,4266376.40625
53539,3964018.5052083335
53824,548596.6021825395
12438,4298800.278956418
52842,369251.953125
7977,1504556.9114583333
7128,1888805.6640625
1091,2334032.123286206
13372,1650866.3020833333
54294,2445950.25
8588,2739327.9046346834
2469,2746804.6875
10589,700037.7173123037
9635,1956189.9448897454
7728,2364857.7241443456
10412,2673757.2544642854
14126,5214097.862847222
16796,2569729.291858315
10594,3132474.1028339467
32747,2620939.9040178573
11158,3640164.0625
14181,3199109.091145833
31542,2043164.4616518652
12696,3308837.3478084416
520,2142644.594536323
11190,1736695.5510044643
32185,1169855.6202400222
10416,3511387.0535714286
6274,2534533.1938244044
33187,4100624.345610119
15492,965035.5941220237
11767,3348329.921875
32007,2972334.1023936532
7152,802278.6458333334
11100,2033455.8081597225
2024,1255714.71875
7567,1786599.5863970588
5446,1250049.045138889
7144,1859688.6848958335
2761,1746088.6579241075
7921,1865496.9757060758
13939,2377646.1866041957
32199,2628818.5
7745,833633.4739583333
1708,542315.1041666667
14016,2074012.7055058398
7667,3057461.6347656245
4433,2484126.364087302
31481,3721114.0546875
32089,2584002.1205357146
33361,1075162.233280602
11887,1006933.6953125
51494,1885576.8229166667
11517,1438491.8898809524
5332,1235119.7916666665
11390,4633671.254960318
2596,2429010.0105406754
6698,456027.625
11066,2181383.7559523806
9430,1300000.0
1419,1142585.9375
54169,1206250.7626488095
4132,2435375.0
15594,2561387.648809524
14327,2006141.2140376982
12730,5194593.092137795
12766,2090057.2916666667
14082,2170852.3065476185
13003,2043164.4616518652
15088,3728908.1536458335
9632,1313851.3091517857
31277,2778138.2961309524
1787,637029.453125
6374,947391.796875
12901,2226530.731770834
33350,4081023.286545459
4031,2743872.7421875
51676,184641.1830357143
688,2030709.1719059378
1612,450786.8148561508
7130,5223485.15625
8341,1000071.90625
13174,1759647.3839542281
2320,2370458.333333333
4292,1469343.2291666665
11171,2060607.3988985834
5694,1570715.3087797624
11215,2727201.3671875
15609,1678949.3722679694
12172,835754.0625
1698,2524757.7303339024
4766,1223099.2708333335
10936,1523692.3137626261
8564,950075.3964026422
44991,3952335.065104167
32179,2736040.4972042306
5787,3426296.5773437503
4353,1828550.2604166667
32032,2656273.65625
681,4732691.015625
16795,4338039.43452381
9962,3303308.5729166665
787,776715.09375
3376,3551570.748046875
32745,2180815.0963541665
15563,912514.921875
1812,1988549.8511904762
15356,1491635.0446428573
6607,744335.2864583333
10952,560309.375
9726,1975481.222876082
12204,1908797.1588541667
185,2112834.5703125
3203,1898947.6443452379
4104,1362161.2157468135
2318,4245886.798611112
7628,794937.2499999999
7474,2186584.3046875
1971,2845109.0178571427
9333,837224.0598958334
52826,3700609.375
13186,3033451.638020833
11105,2699013.671875
536,1918203.125
16611,1404929.2677808302
6209,3025488.104166666
3803,5857859.460249256
11414,1581121.2565104167
15284,707598.7265625
15138,1176597.65625
42548,2324091.2109375
11922,2433116.3209945434
15470,1926365.234375
14239,1001031.9036458334
7547,811070.2604166667
16432,787420.375
54300,526889.3247651807
15486,3571142.265625
1580,574872.9166666666
12770,1722576.0353422617
11976,853918.5963541666
14154,2778138.2961309524
12434,2006141.2140376982
53395,246684.375
1558,2684103.291666667
2834,2712146.744791667
14484,1528164.84375
2588,700037.7173123037
10042,3069402.604166667
32121,2539552.734375
2493,7374655.815972222
53575,1658348.125
11159,2736040.4972042306
53197,2789644.791666667
5279,2259040.178571428
13053,3576063.447916667
14052,4565941.40625
32262,1053479.0305961403
13331,4439144.791666666
8008,2626037.7473958335
15575,458817.3265510531
44442,3942329.1380208335
11775,4454434.046875
6972,1658109.8195424376
53450,413246.55877976195
8907,1446103.555932971
31911,2364857.7241443456
4136,3052007.5390625
53119,1196667.96875
3442,1932789.6105587122
16166,1081268.4151785714
3956,1162574.2187500002
53039,193535.15625
12765,1879195.9635416667
53385,3271807.291666667
14054,1514309.1424709572
3112,530144.53125
32386,252795.75892857145
9976,5356649.4921875
8652,2388856.015625
14367,2074367.8927455358
12688,3227759.375
4028,2048643.2291666667
12999,2920390.625
6537,1777768.1458333333
33092,1684403.8776041665
9521,2483629.916108631
3866,1394838.8488681456
53357,3047192.9296875
53209,919976.640625
190,1879787.5234375
6277,3925195.6666666665
1875,891236.8749999999
11444,1678949.3722679694
12235,1942624.962890625
14438,1567804.6875
9197,3313856.5569196427
7808,1458869.187127976
4109,1940686.7823660716
13241,1216525.6157592242
11738,2749470.052083333
8491,1010293.7135416666
3049,1020107.5584571679
12576,3196694.785409903
7040,941533.4739644721
14708,2127379.4642857146
6029,2441097.28276487
5693,2582103.851010101
13268,1753054.6875
32186,2244557.582487825
12926,4695787.6703125
51651,279446.8098091145
430,770712.421875
10836,808540.625
11309,3313356.3281250005
8988,1230312.9804223557
13460,2748253.90625
678,3196694.785409903
15164,2233732.6927083335
10213,1326918.5435463658
6608,1401652.890625
9174,2143641.178385417
2824,2678199.898189586
8928,1982772.162109375
15432,1544105.5208333335
54276,965644.53125
1335,499391.4155505952
16814,865032.1929439484
11537,2594177.442956349
10886,2394640.963541667
9172,1961149.8380456348
1665,3197038.1510416665
14247,820777.0952250875
4504,1825340.7552083333
13360,2581871.521354167
437,3780593.75
7055,4550396.84375
6715,4464094.512908965
16356,1716321.6145833333
33272,1632539.0625
2584,6452496.957031251
52828,2592507.8125
53461,496050.78124999994
11022,3313356.3281250005
16108,2357430.5022798385
33354,3650525.9375
534,1172363.6090029762
11316,1441647.1354166665
12791,2334032.123286206
31463,3902882.8125
14586,1367130.5833333333
5084,1576635.239955357
11970,3105947.3586309524
282,988655.9771825395
13377,968898.857435967
11489,1422628.3489583335
12821,1910234.375
53096,1416643.7109375
12935,1677652.34375
5604,529589.0625
53668,384309.46180555556
1658,3229834.449404761
14331,2092899.609375
14364,3308837.3478084416
14257,532588.502209596
12444,2325046.875
14713,3682777.34375
14297,2748253.90625
15093,1658109.8195424376
12087,2738285.2631222936
37657,2092854.9112723214
8585,695000.0
9345,2052908.2864583335
1365,2582103.851010101
3944,1270198.288690476
44808,2245623.1398809524
4197,2777084.713541667
5869,905666.6666666666
508,2576587.087391775
4604,4143001.5922309025
10777,4815016.703125
10567,3363846.261160714
13980,615078.90625
10857,5857859.460249256
9607,489131.13839285704
4414,1628235.4935455164
15392,1431527.0833333333
15201,2038677.1577380954
615,1649265.390625
8405,817215.9288194445
9549,2782105.003720239
12334,1227703.515625
51650,3660191.875
11334,849605.5142614149
10476,2164257.8125
32259,2492767.578125
14719,1008969.6800595238
16098,1657318.1685718792
4852,3151471.0234375
11650,2900582.658854167
7801,1688433.265625
32092,5038260.625
4054,4511234.375
12761,2812629.84375
12603,3017306.170572917
4355,5906477.34375
3541,3472858.0863929912
8176,2977880.552529762
52999,1945775.9114583333
5933,2979678.3854166665
33446,1852076.9345238095
7059,2869113.9322916665
11476,2301649.796478174
6946,1283937.3697916667
450,335951.6015625
9790,369251.953125
8766,1309284.089203351
6864,1151079.1666666665
15044,1367109.375
53456,273525.19349200843
13871,3428369.408854167
1136,707598.7265625
4455,1798123.424479167
1815,1235817.7083333333
11384,1320240.6529017854
16538,941533.4739644721
12121,5522920.877604166
8991,667269.2682291667
12723,4024026.5957589285
13352,707598.7265625
14254,5475519.53125
14849,1784284.6536458333
13250,4535678.255208333
43637,3419285.96875
10295,2544265.625
16014,3569944.728084415
4432,2271227.2843124946
10383,1562664.8538961038
10480,2397457.3515625
13294,1358399.8015873018
14856,1719892.2046874997
32536,2271227.2843124946
52860,1160633.59375
8923,652812.2395833333
9861,869895.375
5127,2049539.53125
11598,1803106.1177286254
2982,2366988.7691163
7973,2914912.927784022
14598,2190063.7386485045
179,1260787.5
13056,1364544.5312499998
14013,2272386.991924453
51739,2041111.4479166665
13212,3748086.71875
11485,2417208.3333333335
4124,717393.515625
9630,1179067.4386160714
53283,435012.47540462494
8426,2610547.526041666
8909,2432894.270833334
11420,1337925.1302083333
1862,4892786.458333333
9892,1158308.668154762
13240,3196694.785409903
12783,2271227.2843124946
14230,3202019.2645810796
9266,3775824.4791666665
14501,1354868.9546130947
1336,1530036.09375
3458,1965585.6838474025
10393,895022.4738331012
1696,2330854.80494281
1466,1394838.8488681456
780,1514422.265625
31725,2679477.598958333
1379,3214760.4130208334
7224,865821.5959287386
12396,1675582.8125
15200,2224842.317708333
9104,2812377.883184524
9612,852131.4241747835
1115,2418016.9588242704
10237,1205420.5729166665
855,3762882.8125
6892,4857278.78125
12303,3320336.067708334
12250,1387899.5845734123
32534,2432740.9228515625
1623,764992.84375
6452,2003184.08203125
11222,2944933.854166667
12759,1443865.8416491596
8,2279958.8478887714
13085,675778.2708333334
13663,967192.703125
54080,2237595.1822916665
13120,1801188.1744791667
15593,1309284.089203351
14300,2419900.3906250005
15023,1419330.9409340662
53845,1151361.5803571427
10145,281630.6483458519
10653,1613470.234375
4839,1294609.375
11499,1242059.8845598854
33104,2332253.5807291665
31375,1698573.8904166666
10127,1516707.7865073038
3697,4322121.279761905
11998,2778138.2961309524
39847,2656733.1197916665
11353,1622454.0726249877
54026,2598159.513020833
11000,1312640.2343749998
6039,1367754.1666666667
12403,2043144.426153274
32467,4008837.125
5695,4454434.046875
13365,1751073.5119047621
14382,3954676.041666667
9862,994190.1041666666
8150,1004347.1416480655
12294,2451289.0625
5850,2398666.319444445
14294,880676.71875
13922,997544.53125
48756,2169863.823094165
10571,530835.15625
14770,2071529.0885416667
3123,1007985.6901041667
53938,2792917.1875
13112,2850359.458333333
2500,4103615.885416667
14899,1395755.0325520833
10501,2911705.989583333
14387,1678949.3722679694
32361,3949072.88125
265,5016601.822873307
10246,2669132.530189685
11506,3888031.25
13052,848684.8958333334
50919,1293932.1640625
1585,1950434.162326389
13804,980329.5833333333
32564,3138143.322172619
33435,4033983.7916666665
1384,3196694.785409903
13443,3449623.1640624995
5094,1767919.4940476192
14597,1203238.1882440478
15443,530185.0090625
8511,1280692.3549107143
11830,3263758.9322916665
10396,2554583.333333333
12952,1990062.9960317458
13269,2541875.0
7550,1169687.105654762
6053,1605940.504092262
12983,1453506.3121279762
9357,3220308.001893939
13970,1449694.9907638629
2330,2653668.874627976
13865,1598196.1941964286
1782,267855.46875
10752,1605940.504092262
1502,4786922.916666666
14286,1504692.6640625
8935,3224008.9285714277
7834,1703933.314341908
15529,1749523.7272135415
9005,907616.3837031024
4688,4208669.12202381
10130,1244862.9173656206
54189,6580091.0240800865
11902,2962317.7083333335
31812,1516220.6467577561
12387,5803764.880952381
1670,3167190.388040778
2896,2881076.692708333
5972,5479826.65625
15497,2718260.9791666665
3362,1449694.9907638629
52836,213404.94791666666
11901,1715690.1822916665
33353,2585612.912326389
5967,1341113.28125
4865,2089431.789434524
2144,293726.724555826
11427,1205381.251736111
9708,861281.6889880953
16383,3171154.140625
12627,2043164.4616518652
8161,1498130.859375
14313,2654945.3125
1255,1788636.47265625
1497,2575172.2470238097
53934,2710289.0625
12798,2431263.515625
12527,5249732.888520701
8080,3596237.4140625
53034,672031.25
32469,1449694.9907638629
11089,2335341.1848958335
9550,763250.9348958333
31573,825714.1796875
7376,5450665.3515625
14349,855053.0926339286
10904,300881.5104166667
12466,3431263.18359375
3427,2708922.265625
8394,3739585.0703125
3254,2387239.0625
11937,1416100.5285122863
54205,2186881.8072916665
3855,505295.2938988095
11563,1262588.0
9084,2977806.6039862917
7326,4037914.4866815475
7642,1146013.5018031653
31904,2330071.4750744044
15831,2668531.746031746
5370,3805355.07287851
1130,3897948.4375
9945,1309284.089203351
13205,1045204.1979166665
32006,700037.7173123037
7234,613058.2232142856
15366,2105446.614583333
31670,3382384.672619047
14384,6399011.607142857
